"respondent_id","age","gender","education","income","work_hours","work_mode","tenure_years","js_q1","js_q2","js_q3","js_q4","js_q5","job_satisfaction","bo_q1","bo_q2","bo_q3","bo_q4","bo_q5","burnout_score","wlb","turnover_intent"
"id_1",50,"Nam","Thạc sĩ",8,54.02,"Hybrid",6.5,1,4,2,4,5,2.67,2,3,2,2,5,3.73,4,1
"id_2",54,"Nam","Đại học",28,45.45,"Remote",5.75,5,2,4,3,1,4.12,5,4,3,5,5,3.11,3,0
"id_3",59,"Nam","Tiến sĩ",34,47.2,"Văn phòng",10.68,4,1,4,3,4,2.66,2,3,5,1,2,1.53,2,0
"id_4",48,"Nữ","Thạc sĩ",25,50.48,"Văn phòng",5.49,2,5,4,1,3,3.38,1,1,3,1,3,4.31,4,1
"id_5",57,"Nam","Tiến sĩ",20,44.33,"Văn phòng",12.49,4,5,2,5,5,1.56,4,5,2,2,4,1.75,4,0
"id_6",26,"Nữ","Đại học",7,20.7,"Văn phòng",7.99,3,1,1,4,4,4.88,5,2,3,4,1,3.98,1,0
"id_7",52,"Nam","Đại học",22,51.65,"Remote",16.58,5,1,3,5,2,1.25,5,1,5,1,3,1.94,2,1
"id_8",55,"Nam","Thạc sĩ",30,36.24,"Hybrid",10.43,1,5,4,5,3,2.84,1,5,5,4,4,2.28,2,0
"id_9",45,"Nữ","Thạc sĩ",22,22.45,"Remote",2.94,1,2,2,1,4,2.14,5,5,5,5,4,3.13,4,0
"id_10",40,"Nam","Đại học",23,46.82,"Văn phòng",4.86,2,2,3,5,4,4.51,3,5,4,4,1,3.2,3,1
"id_11",36,"Nữ","Tiến sĩ",19,26.54,"Remote",11.03,5,3,2,5,5,2.83,2,5,5,2,2,4.73,1,1
"id_12",50,"Nam","Thạc sĩ",12,44.1,"Remote",18.54,5,1,3,3,3,4.7,1,5,4,5,5,1.07,3,1
"id_13",31,"Nam","THPT",6,32.23,"Remote",11.91,4,5,5,5,2,2.25,3,3,2,5,2,4.75,3,0
"id_14",39,"Nam","Thạc sĩ",20,42.84,"Văn phòng",18.63,5,4,3,4,1,2.94,4,1,2,2,5,2.79,4,1
"id_15",55,"Nam","Đại học",28,32.58,"Văn phòng",2.32,2,5,4,1,2,3.97,4,2,5,1,5,3.54,1,1
"id_16",50,"Nữ","Đại học",23,59.67,"Văn phòng",17.93,5,3,5,5,4,3.88,3,3,2,2,2,2.94,1,0
"id_17",58,"Nữ","THPT",30,51.31,"Hybrid",2.19,2,1,4,1,5,2.79,2,2,1,5,4,1.61,4,0
"id_18",33,"Nam","THPT",21,38.53,"Hybrid",15.58,2,2,5,2,2,1.88,4,2,5,3,1,4.64,5,1
"id_19",58,"Nam","THPT",6,57.79,"Văn phòng",18.84,4,4,4,2,5,2,1,1,4,1,2,4.29,2,1
"id_20",56,"Nam","Thạc sĩ",15,42.19,"Hybrid",18.18,3,1,5,3,4,4.58,3,3,3,3,3,4.32,3,0
"id_21",33,"Nữ","Thạc sĩ",31,49.65,"Hybrid",16.39,4,4,5,4,5,2.61,1,2,2,4,5,2.58,2,1
"id_22",24,"Nam","Thạc sĩ",31,38.68,"Hybrid",8.79,3,4,3,3,5,4.06,2,5,5,4,3,2.81,2,0
"id_23",56,"Nữ","THPT",34,44.04,"Văn phòng",5.81,1,1,3,5,4,4.45,2,1,3,5,3,1.35,3,0
"id_24",57,"Nam","THPT",13,61.01,"Hybrid",20.31,1,3,2,3,2,1.19,2,2,4,3,3,2.01,4,0
"id_25",29,"Nam","Tiến sĩ",10,45.37,"Remote",12.7,5,1,5,4,2,2.66,5,4,2,2,4,1.66,3,1
"id_26",23,"Nữ","Thạc sĩ",35,31.05,"Remote",11.98,5,2,4,1,5,3.2,5,2,4,5,5,4.5,1,1
"id_27",50,"Nữ","Đại học",22,30.05,"Văn phòng",9.45,3,2,3,3,5,3.12,1,1,1,1,1,2.06,3,1
"id_28",26,"Nam","Đại học",20,55.75,"Hybrid",15.21,3,1,5,4,5,3.78,4,5,4,3,5,3.48,2,0
"id_29",30,"Nữ","Thạc sĩ",36,54.81,"Remote",4.86,3,3,4,4,5,1.82,4,2,3,4,2,2.49,1,1
"id_30",39,"Nam","Tiến sĩ",14,56.12,"Văn phòng",18.45,5,2,5,5,2,4.27,1,1,3,4,3,1.25,3,0
"id_31",28,"Nữ","Tiến sĩ",32,57.33,"Hybrid",16.8,3,3,3,5,5,3.87,5,5,3,1,5,4.65,5,1
"id_32",48,"Nữ","THPT",11,29.5,"Văn phòng",14.2,1,1,3,2,4,3.07,4,3,1,1,3,2.35,3,1
"id_33",58,"Nam","Tiến sĩ",17,30.16,"Remote",5.51,5,1,1,4,3,1.6,5,1,4,2,3,4.16,5,1
"id_34",26,"Nam","Đại học",26,56.93,"Văn phòng",10.31,3,5,3,5,1,1.54,4,1,1,2,3,4.51,3,0
"id_35",50,"Nữ","THPT",30,47.57,"Remote",11.81,5,2,2,5,4,1.31,4,5,4,5,3,2.68,4,1
"id_36",25,"Nam","THPT",35,49.9,"Hybrid",0.31,1,5,5,2,3,2.84,1,5,3,1,1,1.7,1,1
"id_37",52,"Nữ","Đại học",11,36.22,"Văn phòng",15.22,5,1,3,5,1,1.56,2,5,5,4,4,4.84,4,0
"id_38",38,"Nam","Tiến sĩ",13,54.91,"Remote",12.5,1,5,2,5,4,4.86,4,5,2,5,4,1.04,5,1
"id_39",29,"Nữ","Thạc sĩ",20,23.38,"Remote",18.45,4,2,4,1,1,1.03,4,1,3,2,1,4.76,4,0
"id_40",30,"Nữ","Đại học",13,21.65,"Văn phòng",2.41,3,4,2,3,2,1.61,3,3,4,5,3,2.86,1,0
"id_41",24,"Nam","Đại học",17,33.16,"Remote",5.54,1,2,4,2,4,4.29,1,2,3,3,3,3,2,0
"id_42",50,"Nam","Đại học",29,29.09,"Remote",11.22,5,3,2,4,1,1.63,4,2,1,5,1,1.8,2,0
"id_43",44,"Nam","Tiến sĩ",31,56.97,"Remote",19.13,4,4,5,3,3,2.25,2,2,4,3,2,2.58,2,0
"id_44",59,"Nam","Tiến sĩ",29,34.47,"Hybrid",1.27,5,2,2,1,1,2.37,3,1,2,5,2,4.85,4,1
"id_45",57,"Nữ","Thạc sĩ",36,20.26,"Văn phòng",20.63,4,4,3,5,5,2.85,3,4,2,2,2,4.46,5,0
"id_46",46,"Nữ","THPT",9,43.79,"Hybrid",18.96,2,4,5,2,2,1.03,1,1,4,1,4,3.94,5,1
"id_47",52,"Nữ","Thạc sĩ",8,44.67,"Hybrid",11.66,2,1,3,4,3,4.37,3,4,4,1,2,5,1,0
"id_48",36,"Nam","Thạc sĩ",21,39.68,"Hybrid",1.76,4,5,4,2,3,1.4,2,1,5,5,5,2.69,2,1
"id_49",22,"Nữ","Thạc sĩ",21,60.68,"Văn phòng",4.39,1,5,3,5,4,4.13,4,4,2,2,4,1.03,2,0
"id_50",45,"Nữ","THPT",29,38.26,"Văn phòng",14.71,3,2,2,5,3,1.17,3,3,3,3,2,1.22,4,0
"id_51",27,"Nam","Đại học",21,29.67,"Văn phòng",4.84,2,3,4,1,3,1.45,1,1,4,4,1,2.15,3,1
"id_52",25,"Nữ","Thạc sĩ",16,50.03,"Văn phòng",19.92,4,5,5,2,2,4.48,1,5,1,2,1,3.32,1,1
"id_53",50,"Nam","Đại học",27,32.05,"Văn phòng",6.31,1,1,4,3,3,3.29,2,3,5,3,3,2.29,3,0
"id_54",29,"Nữ","THPT",15,53.93,"Remote",7.24,4,3,3,5,1,4.35,5,3,3,2,1,2.58,1,0
"id_55",59,"Nữ","Tiến sĩ",21,22.24,"Remote",14.74,4,3,4,5,4,4.24,3,1,2,1,4,4.77,5,0
"id_56",37,"Nam","THPT",22,59.42,"Văn phòng",5.84,2,4,2,5,3,1.52,2,2,1,1,5,4.65,5,1
"id_57",27,"Nữ","Tiến sĩ",13,25.95,"Remote",19.26,4,5,3,5,5,2.35,5,4,3,5,2,4.73,5,0
"id_58",44,"Nam","Tiến sĩ",5,50.1,"Hybrid",2.33,5,3,4,2,4,3.75,3,2,1,5,4,4.9,2,1
"id_59",22,"Nam","Đại học",9,56.07,"Remote",10.85,2,3,2,3,3,2.39,5,2,5,3,3,3.05,1,0
"id_60",38,"Nam","Thạc sĩ",21,25.08,"Remote",9.78,3,4,3,4,1,2.44,1,2,1,5,5,3.27,2,0
"id_61",41,"Nữ","THPT",16,38.58,"Hybrid",4.36,1,3,2,5,2,1.02,5,2,1,5,3,2.03,1,0
"id_62",59,"Nữ","Thạc sĩ",5,23.52,"Remote",12.67,1,3,4,3,3,3.12,4,4,4,1,5,2.63,2,0
"id_63",58,"Nữ","THPT",26,35.33,"Văn phòng",6.59,4,5,4,2,2,1.55,1,1,5,4,1,2.31,4,1
"id_64",56,"Nam","Tiến sĩ",36,57.63,"Văn phòng",9.28,2,5,1,4,2,4.74,2,2,4,3,5,4.35,3,0
"id_65",41,"Nam","THPT",35,39.87,"Văn phòng",18.41,4,1,2,1,2,1.99,5,2,5,5,5,3.74,1,1
"id_66",36,"Nữ","THPT",22,34.36,"Hybrid",11.83,5,3,1,2,5,1.1,4,4,3,4,3,2.04,4,0
"id_67",42,"Nam","Tiến sĩ",25,28.91,"Remote",1.81,3,5,2,4,5,4.83,5,5,3,5,5,3.8,1,0
"id_68",57,"Nữ","Đại học",26,46.42,"Remote",2.58,4,4,2,4,5,2.54,1,1,4,4,5,4.79,4,1
"id_69",42,"Nữ","Tiến sĩ",36,23.24,"Remote",10.38,2,4,2,1,2,2.33,2,3,1,2,1,1.34,1,0
"id_70",54,"Nữ","Thạc sĩ",21,47.14,"Remote",19.18,3,4,4,3,5,3.54,5,2,5,1,5,1.41,2,0
"id_71",47,"Nam","THPT",5,35.74,"Remote",5.94,5,4,2,3,4,3.86,3,3,1,4,4,3.2,3,0
"id_72",24,"Nam","Đại học",32,50.95,"Remote",13.82,4,2,4,2,3,1.09,5,1,3,5,2,4.24,5,1
"id_73",51,"Nam","Tiến sĩ",30,44.3,"Remote",17,4,3,3,1,5,2.96,1,5,5,1,5,3.65,1,0
"id_74",42,"Nam","THPT",14,33.96,"Remote",18.84,4,1,3,1,5,3.12,3,1,1,4,4,1.76,3,1
"id_75",40,"Nữ","Tiến sĩ",14,47.75,"Văn phòng",13.39,1,4,5,1,1,4.52,4,1,2,1,2,2.77,4,1
"id_76",54,"Nam","Đại học",24,35.38,"Hybrid",3.79,1,2,4,4,1,4.27,4,3,3,4,3,3.3,3,1
"id_77",48,"Nữ","Thạc sĩ",14,59.6,"Văn phòng",8.29,3,1,3,2,3,2.1,3,1,4,1,1,3.75,1,1
"id_78",59,"Nam","Đại học",26,47.71,"Remote",16.55,2,4,4,4,5,2.71,4,2,5,1,1,3.13,2,0
"id_79",39,"Nam","Thạc sĩ",20,24.34,"Hybrid",1.04,1,5,1,3,4,4.62,2,1,5,1,4,1.65,1,1
"id_80",54,"Nữ","Thạc sĩ",16,28.96,"Văn phòng",7.25,2,2,5,2,2,3.11,3,1,1,4,5,4.64,5,0
"id_81",41,"Nữ","THPT",10,37.13,"Remote",12.63,3,5,4,5,3,2.65,4,5,5,4,3,2.36,1,0
"id_82",49,"Nữ","Tiến sĩ",8,36.99,"Hybrid",20.01,5,2,3,2,2,3.05,4,1,5,2,1,4.82,4,1
"id_83",42,"Nữ","Tiến sĩ",36,29.86,"Văn phòng",2.81,5,2,5,1,2,1.14,4,2,5,1,1,4.97,3,0
"id_84",55,"Nữ","Đại học",33,31.6,"Remote",9.82,4,3,5,2,3,3.37,5,3,4,3,3,4.24,1,1
"id_85",25,"Nữ","THPT",8,55.85,"Hybrid",6.51,4,5,1,2,2,2.34,2,4,1,1,2,4.12,4,1
"id_86",58,"Nam","Tiến sĩ",12,25.63,"Hybrid",1.17,3,3,1,5,4,3.93,4,2,1,5,5,2.96,3,0
"id_87",36,"Nam","Đại học",16,45.99,"Remote",19.7,1,4,5,2,1,3.65,2,2,4,2,4,2.96,5,0
"id_88",54,"Nam","Tiến sĩ",19,43.37,"Văn phòng",19.93,5,3,5,5,3,2.76,5,4,1,5,2,3.06,1,0
"id_89",38,"Nam","Tiến sĩ",22,61.06,"Văn phòng",20.18,3,5,5,2,3,2.26,2,2,5,4,1,4.53,5,0
"id_90",30,"Nam","Thạc sĩ",35,47.9,"Hybrid",16.83,3,1,2,5,1,1.1,1,1,1,4,4,2.23,3,1
"id_91",45,"Nữ","Đại học",19,41.36,"Văn phòng",18.09,1,2,1,5,3,2.25,1,5,4,5,5,3.56,5,0
"id_92",46,"Nam","Đại học",12,42.32,"Hybrid",20.95,2,3,1,3,4,4.73,1,1,3,5,4,2.53,5,1
"id_93",34,"Nữ","Tiến sĩ",22,22.74,"Hybrid",12.07,2,5,5,2,4,2.07,2,3,3,3,5,3.72,3,1
"id_94",42,"Nữ","Đại học",27,46.12,"Hybrid",18.66,5,1,5,1,4,1.88,5,5,1,4,3,1.8,4,0
"id_95",39,"Nam","THPT",26,30.31,"Hybrid",5.99,1,1,3,2,4,3.24,1,1,4,4,4,4.91,5,1
"id_96",49,"Nữ","Tiến sĩ",19,39.21,"Văn phòng",7.43,1,2,1,1,2,2.24,3,3,5,5,1,1.44,4,1
"id_97",56,"Nam","THPT",14,25.64,"Văn phòng",14.5,2,3,3,3,2,4.25,1,3,2,4,3,1.21,3,1
"id_98",55,"Nam","THPT",34,37.82,"Văn phòng",19.56,3,5,5,1,4,2.3,3,4,4,4,3,2.17,3,1
"id_99",55,"Nữ","Thạc sĩ",14,42.09,"Văn phòng",16.82,1,2,4,1,2,4.96,5,2,4,1,4,4.17,1,0
"id_100",34,"Nam","Thạc sĩ",35,22.41,"Remote",8.97,2,1,2,4,1,3.35,4,1,2,5,1,4.85,4,1
"id_101",31,"Nữ","Đại học",36,60.94,"Hybrid",17.05,5,4,4,4,2,1.76,2,3,5,2,1,1.4,2,0
"id_102",50,"Nam","Đại học",22,56.73,"Văn phòng",13.87,4,1,3,3,5,2.82,3,5,4,2,1,1.57,5,0
"id_103",45,"Nam","Thạc sĩ",31,25.13,"Văn phòng",2.46,1,2,1,5,1,3.57,2,4,2,2,4,1.26,1,0
"id_104",35,"Nam","Thạc sĩ",11,58.4,"Remote",18.16,3,4,1,4,3,3.62,4,1,3,1,4,2.3,1,0
"id_105",51,"Nam","THPT",8,27.86,"Remote",2.92,2,4,2,5,4,3.65,4,3,2,5,5,1.16,2,0
"id_106",59,"Nữ","Tiến sĩ",34,53.39,"Hybrid",12.35,5,4,1,4,2,2.28,2,4,5,3,1,2.85,1,1
"id_107",40,"Nam","Đại học",17,44.76,"Hybrid",4.23,1,2,1,5,3,1.92,2,2,1,4,4,2.53,2,0
"id_108",53,"Nữ","Thạc sĩ",11,49.91,"Hybrid",0.99,3,5,2,3,1,3.09,1,3,5,3,2,1.49,5,0
"id_109",42,"Nữ","Đại học",24,37.27,"Hybrid",13.86,2,5,1,2,2,2.73,1,1,3,3,4,2.1,4,1
"id_110",23,"Nam","THPT",17,42.07,"Văn phòng",12.66,2,1,5,4,2,3.43,4,1,4,3,3,3.87,3,1
"id_111",25,"Nam","Thạc sĩ",11,28.49,"Văn phòng",2.01,4,2,1,4,1,1.63,4,5,3,2,2,4.39,1,1
"id_112",52,"Nữ","THPT",16,34.21,"Remote",8.11,2,3,2,2,2,4.09,2,2,5,5,5,3.2,5,1
"id_113",55,"Nữ","Tiến sĩ",36,44.13,"Remote",16.68,1,1,2,5,2,2.77,5,4,4,3,4,4.58,2,1
"id_114",27,"Nam","Thạc sĩ",17,43.88,"Remote",16.6,3,5,3,1,3,2.16,5,1,3,3,5,2.32,1,1
"id_115",44,"Nam","THPT",23,51.08,"Văn phòng",1.7,5,1,4,1,1,3.24,2,3,5,4,3,1.72,3,0
"id_116",38,"Nam","Thạc sĩ",33,32.01,"Văn phòng",13.44,1,3,2,1,1,3.45,1,2,4,4,2,1.17,2,0
"id_117",50,"Nữ","Tiến sĩ",28,61.02,"Remote",13.98,4,1,4,5,5,1.36,1,5,3,5,5,2.85,4,0
"id_118",25,"Nữ","Thạc sĩ",26,51.43,"Remote",9.9,2,3,2,3,5,3.68,2,2,3,3,5,4.45,2,0
"id_119",57,"Nữ","Tiến sĩ",21,47.93,"Hybrid",9.82,3,3,3,4,1,1.34,5,4,2,2,2,1.01,3,0
"id_120",45,"Nữ","Thạc sĩ",36,47.1,"Remote",11.16,2,2,1,3,4,2.94,1,2,4,5,2,1.46,2,1
"id_121",56,"Nam","THPT",15,39.91,"Hybrid",11.38,5,1,2,2,2,2.86,3,5,2,5,4,1.57,5,1
"id_122",32,"Nữ","Đại học",35,40.87,"Hybrid",19.12,5,1,5,1,1,2.59,3,5,1,3,2,3.32,5,1
"id_123",43,"Nữ","Tiến sĩ",32,41.83,"Văn phòng",20.42,4,5,4,2,1,4.01,2,3,2,2,4,4.8,3,0
"id_124",27,"Nam","THPT",35,36.52,"Văn phòng",19.93,3,1,5,2,3,4.43,2,4,1,1,5,2.47,2,1
"id_125",43,"Nữ","Tiến sĩ",35,22.84,"Hybrid",9.87,2,1,4,3,4,3.85,1,1,5,3,2,3.6,4,0
"id_126",59,"Nam","Thạc sĩ",14,45.61,"Remote",13.96,4,3,3,3,4,3.45,4,4,3,4,2,4.79,2,0
"id_127",54,"Nữ","Thạc sĩ",35,27.79,"Văn phòng",10.63,1,5,3,2,2,3.56,3,4,3,5,1,2.75,1,1
"id_128",50,"Nam","THPT",25,51.69,"Văn phòng",13.75,3,3,1,2,1,1.01,3,2,1,4,1,2.11,5,0
"id_129",25,"Nữ","Thạc sĩ",13,60.26,"Văn phòng",7.89,4,5,4,3,2,3.42,4,4,2,2,2,2.15,1,1
"id_130",40,"Nữ","Thạc sĩ",25,58.15,"Văn phòng",3.46,5,5,4,1,5,2.73,4,2,5,5,5,4.53,4,1
"id_131",24,"Nam","Tiến sĩ",36,30.36,"Remote",16.38,3,5,4,2,5,4.39,1,1,3,5,5,1.65,1,0
"id_132",26,"Nam","Đại học",11,23.51,"Văn phòng",15.79,4,2,3,1,2,2.33,4,4,2,3,2,4.33,3,0
"id_133",27,"Nam","THPT",12,49.69,"Văn phòng",19.33,4,5,5,3,5,2.96,2,4,3,5,4,1.96,1,1
"id_134",40,"Nam","Tiến sĩ",27,31.36,"Văn phòng",10.97,4,1,2,3,5,3.33,5,3,4,3,1,2.29,3,1
"id_135",36,"Nữ","Tiến sĩ",11,40.7,"Văn phòng",3.53,4,2,4,5,4,4.83,2,2,1,4,4,3.96,1,0
"id_136",31,"Nam","Đại học",29,59.59,"Hybrid",12.99,5,1,5,5,2,3.59,3,3,1,4,2,4.74,5,0
"id_137",27,"Nữ","Tiến sĩ",16,31.51,"Remote",12.82,1,1,4,3,1,4.33,1,5,3,4,3,3.5,2,1
"id_138",57,"Nữ","Thạc sĩ",12,38,"Remote",0.78,4,4,5,4,1,3.62,4,4,2,3,4,2.85,3,1
"id_139",39,"Nam","THPT",10,36.28,"Văn phòng",1.36,4,1,2,2,2,1.5,4,1,3,5,3,4.94,4,1
"id_140",53,"Nữ","Tiến sĩ",7,59.15,"Remote",6.69,5,1,3,3,2,4.06,1,2,5,1,1,1.38,2,1
"id_141",37,"Nữ","Tiến sĩ",35,57.95,"Văn phòng",19.8,1,5,5,2,5,2.34,3,1,1,3,2,2.92,2,0
"id_142",39,"Nam","THPT",13,28.79,"Remote",0.77,4,3,2,3,1,1.55,3,1,3,1,5,1.92,5,1
"id_143",57,"Nữ","Thạc sĩ",17,37.34,"Văn phòng",14.41,1,3,5,5,2,4.63,4,3,3,1,3,3.71,1,1
"id_144",51,"Nữ","THPT",30,56.48,"Hybrid",0.51,5,3,3,2,2,1.23,5,4,2,1,5,4.55,5,0
"id_145",40,"Nữ","THPT",25,53.1,"Remote",19.67,1,5,2,3,2,1.42,5,2,5,2,4,1.99,4,0
"id_146",27,"Nam","Tiến sĩ",8,28.07,"Remote",11.69,2,2,1,5,3,2.77,3,2,2,3,2,1.91,1,0
"id_147",50,"Nữ","THPT",34,54.29,"Văn phòng",6.86,4,2,1,5,5,2.95,4,3,4,1,5,2.58,2,1
"id_148",22,"Nữ","Tiến sĩ",7,27.96,"Hybrid",1.96,1,5,3,5,3,2.55,4,1,1,2,5,2.08,4,0
"id_149",58,"Nam","THPT",16,25.63,"Remote",13.01,3,4,2,1,1,1.2,1,3,2,2,2,3.83,1,0
"id_150",27,"Nữ","Đại học",18,45.51,"Văn phòng",0.85,4,1,4,3,1,4.07,5,5,4,1,1,4.33,5,0
"id_151",25,"Nam","Đại học",24,38.58,"Remote",18.68,4,2,4,1,3,4.88,4,5,2,4,4,4.53,2,0
"id_152",51,"Nam","Tiến sĩ",23,36.22,"Văn phòng",14.19,2,3,2,1,1,4.58,4,4,1,3,5,2.82,4,1
"id_153",23,"Nam","Thạc sĩ",28,53.41,"Văn phòng",15.05,4,3,2,1,3,1.99,4,5,3,2,2,4.9,2,1
"id_154",35,"Nam","Đại học",30,25.51,"Hybrid",1.92,4,4,3,4,2,2.81,1,3,2,1,4,1.66,1,0
"id_155",31,"Nữ","THPT",26,28.04,"Hybrid",17.13,2,5,4,1,4,3.07,1,2,1,3,3,2.47,3,1
"id_156",47,"Nữ","Thạc sĩ",15,25.56,"Remote",20.69,5,3,3,1,2,1.16,1,4,3,2,1,3.1,4,1
"id_157",28,"Nữ","Đại học",35,25.08,"Văn phòng",18.91,1,4,1,4,2,1.89,1,4,5,2,5,1.59,3,1
"id_158",44,"Nam","THPT",6,45.71,"Remote",3.82,1,2,4,3,5,4.64,2,2,1,5,1,1.45,5,0
"id_159",29,"Nam","THPT",13,50.58,"Văn phòng",8.2,2,1,1,4,1,3.32,2,1,5,5,5,2.32,1,1
"id_160",47,"Nam","Thạc sĩ",6,25.75,"Hybrid",3.12,5,2,4,4,2,3.64,3,2,4,4,4,1.33,3,1
"id_161",36,"Nam","Thạc sĩ",35,31.13,"Văn phòng",11.75,5,4,2,1,4,3.42,2,1,3,1,1,4.54,4,1
"id_162",36,"Nữ","Thạc sĩ",30,55,"Văn phòng",8.11,1,2,2,4,2,2.71,1,5,5,1,2,4.12,1,1
"id_163",29,"Nam","Tiến sĩ",15,60.19,"Hybrid",11.33,3,3,1,4,2,3.24,1,3,2,2,5,4.07,1,0
"id_164",49,"Nam","THPT",26,57.35,"Remote",0.81,1,5,2,3,4,4.02,4,4,4,4,5,3.73,4,1
"id_165",45,"Nam","Thạc sĩ",19,20.03,"Văn phòng",7.15,5,3,2,1,3,2.55,3,5,1,5,3,3.05,2,0
"id_166",29,"Nữ","THPT",17,24.71,"Remote",14.07,1,4,2,1,5,3.04,5,5,3,1,4,3.28,4,1
"id_167",37,"Nữ","Đại học",13,45.54,"Văn phòng",0.72,2,2,5,3,2,1.45,4,1,5,5,5,4.58,5,0
"id_168",22,"Nữ","Tiến sĩ",34,21.66,"Remote",5.58,5,5,3,5,3,4.97,3,2,5,4,4,1.11,4,1
"id_169",26,"Nam","Tiến sĩ",12,58.27,"Remote",6.25,2,1,5,5,5,4.22,4,2,1,1,4,3.07,3,0
"id_170",42,"Nam","Đại học",15,20.58,"Remote",1.85,3,5,3,4,4,2.12,1,3,2,4,5,2.19,4,0
"id_171",22,"Nam","Đại học",20,57.43,"Hybrid",19.63,4,1,2,5,2,4.96,3,1,4,3,2,4.88,5,0
"id_172",43,"Nam","Tiến sĩ",7,52.39,"Hybrid",2.62,4,3,1,2,4,3.17,3,5,3,2,3,4.73,1,1
"id_173",24,"Nữ","Tiến sĩ",31,52.78,"Văn phòng",20.78,4,2,2,5,4,2.37,3,5,2,2,2,1.48,4,1
"id_174",56,"Nam","Đại học",24,25.75,"Hybrid",2.5,4,1,2,1,1,1.53,1,3,1,4,1,2.43,1,0
"id_175",23,"Nam","Tiến sĩ",7,57.68,"Hybrid",3.58,2,5,3,5,4,3.76,3,3,2,3,5,2.76,5,1
"id_176",34,"Nữ","Đại học",6,54.99,"Hybrid",8.62,3,5,1,2,1,1.3,3,1,4,3,5,2.18,1,0
"id_177",33,"Nam","Đại học",5,30.23,"Hybrid",5.73,3,5,5,5,5,3.44,4,1,4,4,1,3.49,2,0
"id_178",28,"Nữ","Tiến sĩ",18,37.25,"Remote",5.56,1,5,5,1,1,4.09,4,5,2,1,5,3.24,5,0
"id_179",34,"Nam","Đại học",31,28.04,"Hybrid",0.69,1,4,2,1,4,4.18,4,1,4,2,4,3.9,2,0
"id_180",36,"Nam","Thạc sĩ",21,23.74,"Hybrid",10.73,2,4,4,3,1,4.61,4,1,3,3,3,2.56,5,0
"id_181",22,"Nam","Đại học",16,46.82,"Văn phòng",12.86,3,5,1,3,3,4.06,1,5,4,3,1,4.78,5,1
"id_182",46,"Nữ","Thạc sĩ",31,27.89,"Hybrid",13.37,1,2,3,2,5,4.07,2,5,1,4,3,4.39,1,1
"id_183",47,"Nam","Thạc sĩ",31,26.37,"Hybrid",6.6,1,2,5,5,2,4.87,4,2,1,4,5,2.63,2,1
"id_184",25,"Nam","Đại học",20,41.48,"Remote",19.17,1,1,1,2,3,1.32,1,2,4,1,4,1.3,1,0
"id_185",56,"Nam","Thạc sĩ",36,52.17,"Hybrid",2.6,3,4,5,5,1,4.77,2,1,2,3,3,3.48,4,1
"id_186",37,"Nữ","Tiến sĩ",14,60.5,"Văn phòng",13.62,5,2,4,5,5,3.64,5,3,3,2,2,3.67,2,1
"id_187",60,"Nữ","Tiến sĩ",22,27.16,"Remote",8.23,1,1,5,4,2,3.91,3,4,2,2,3,4.24,3,0
"id_188",58,"Nữ","Thạc sĩ",9,46.72,"Remote",17.79,3,1,3,3,3,1.64,1,1,3,4,2,4.27,3,1
"id_189",30,"Nam","THPT",7,49.63,"Văn phòng",3.72,2,2,3,4,1,3.26,4,2,3,1,2,1.74,4,1
"id_190",42,"Nữ","THPT",33,22.24,"Remote",9.33,1,1,2,3,2,3.62,5,3,2,2,4,2.16,1,0
"id_191",27,"Nam","THPT",5,57.15,"Remote",17.49,3,1,4,3,1,3.49,4,3,3,2,1,1.4,5,0
"id_192",39,"Nam","Tiến sĩ",23,32.74,"Văn phòng",20.25,3,2,1,4,1,1.06,1,2,2,1,2,1.94,5,1
"id_193",40,"Nữ","THPT",13,29.75,"Remote",14.04,1,3,3,3,4,1.77,5,5,1,2,4,1.35,3,0
"id_194",45,"Nữ","THPT",5,24.8,"Văn phòng",6.2,5,5,1,5,2,4.55,5,5,5,2,2,1.08,1,0
"id_195",57,"Nam","THPT",23,50.73,"Remote",11.53,4,3,5,4,3,1.62,1,3,4,3,4,3.9,3,1
"id_196",30,"Nam","THPT",28,25.88,"Hybrid",8.45,3,5,5,5,5,4.88,4,3,3,1,2,2.68,3,0
"id_197",23,"Nam","Thạc sĩ",13,33.06,"Văn phòng",17.28,3,2,1,3,3,1.64,2,3,4,1,5,2.21,2,1
"id_198",23,"Nam","Tiến sĩ",26,51.97,"Remote",9.31,5,2,2,4,4,3.25,2,1,5,2,1,1.31,2,0
"id_199",33,"Nam","Thạc sĩ",30,28.26,"Văn phòng",14.68,5,1,5,1,2,1.35,5,1,5,1,2,2.34,4,1
"id_200",58,"Nữ","Tiến sĩ",25,33.71,"Remote",3,1,2,4,2,1,4.63,3,3,2,4,2,2.06,2,1
"id_201",24,"Nữ","Thạc sĩ",9,37.47,"Remote",0.49,1,2,4,1,4,3.31,2,5,2,3,2,1.94,3,1
"id_202",42,"Nữ","Thạc sĩ",33,55.58,"Hybrid",6.73,4,1,2,3,5,1.91,3,4,1,4,2,1.56,1,1
"id_203",49,"Nam","Đại học",21,55.98,"Remote",12.95,3,3,2,5,1,1.36,5,2,2,1,4,3.9,5,1
"id_204",33,"Nữ","Đại học",29,44.67,"Văn phòng",19.32,4,3,1,4,3,2.69,1,5,3,2,5,1.31,2,1
"id_205",53,"Nam","THPT",23,37.05,"Hybrid",14.64,1,1,4,5,4,3.22,2,3,2,4,4,2.69,2,0
"id_206",40,"Nữ","Tiến sĩ",6,41.53,"Hybrid",1.95,2,1,2,2,4,4.15,3,3,2,4,2,1.62,3,1
"id_207",51,"Nữ","Đại học",25,57.2,"Văn phòng",13.29,1,4,1,1,3,1.34,4,4,3,2,5,1.94,1,0
"id_208",31,"Nam","Thạc sĩ",11,59.37,"Remote",19.76,5,4,3,4,2,3.06,5,2,5,3,1,2.57,3,1
"id_209",46,"Nam","Tiến sĩ",30,59.47,"Remote",5.96,1,1,5,2,4,2.72,4,4,1,1,4,4.61,2,1
"id_210",22,"Nam","Đại học",33,32.31,"Hybrid",11.78,3,2,5,2,2,1.4,5,3,2,4,5,4.42,1,1
"id_211",44,"Nam","Thạc sĩ",20,20.34,"Hybrid",11.72,3,1,1,1,4,1.78,5,1,4,1,2,3.26,5,0
"id_212",35,"Nữ","Đại học",33,46.03,"Remote",9.96,2,1,1,4,4,2.72,5,1,1,4,3,3.92,3,1
"id_213",42,"Nam","Đại học",35,39.09,"Remote",9.35,3,3,2,5,2,2.84,2,1,3,5,4,2.84,5,1
"id_214",37,"Nam","THPT",11,61.39,"Văn phòng",20.11,3,3,3,1,5,2.4,1,2,1,5,2,1.45,2,0
"id_215",47,"Nữ","Đại học",30,42.62,"Remote",2.81,5,2,1,4,1,1.61,2,4,2,4,3,2.05,4,1
"id_216",47,"Nữ","THPT",32,34.95,"Văn phòng",1.58,5,5,4,3,2,2.3,1,4,4,2,3,2.9,2,0
"id_217",59,"Nam","THPT",27,30.91,"Hybrid",20.49,4,5,1,4,3,4.71,5,3,1,5,4,4.99,1,0
"id_218",30,"Nữ","Tiến sĩ",14,59.87,"Remote",7.47,3,5,1,2,5,4.1,3,5,1,5,3,3.48,3,0
"id_219",30,"Nữ","Tiến sĩ",33,59.86,"Văn phòng",1.52,3,1,2,1,2,4.88,2,2,3,2,3,2.88,1,0
"id_220",43,"Nam","Tiến sĩ",16,22.34,"Hybrid",19.11,1,4,2,4,5,4.74,1,3,4,2,4,4.18,2,1
"id_221",24,"Nam","THPT",24,57.91,"Văn phòng",5.47,4,4,2,2,2,3.95,1,4,1,5,1,4.05,2,0
"id_222",51,"Nữ","Thạc sĩ",12,45.19,"Hybrid",15.4,4,1,5,2,1,3.34,1,2,2,3,1,4.73,5,0
"id_223",53,"Nam","Tiến sĩ",36,24.84,"Văn phòng",18.56,3,4,4,4,5,1.76,1,3,5,3,1,2.93,2,0
"id_224",24,"Nữ","Tiến sĩ",12,32.09,"Hybrid",17.1,4,1,4,4,5,3.55,3,4,2,4,1,3.32,3,0
"id_225",58,"Nam","Thạc sĩ",14,38.36,"Remote",1.36,5,5,1,5,3,3.16,5,3,2,1,3,1.75,3,1
"id_226",45,"Nam","Đại học",18,22.65,"Remote",15.7,2,5,4,4,5,4.02,5,2,2,3,2,1.49,1,1
"id_227",55,"Nữ","THPT",27,60.87,"Hybrid",15.87,4,1,4,1,2,1.23,3,2,1,1,2,1.78,3,1
"id_228",47,"Nữ","THPT",17,31.1,"Remote",10.26,5,4,4,5,3,3,5,1,1,5,4,1.91,1,0
"id_229",55,"Nữ","Đại học",18,55.97,"Hybrid",8.05,3,5,4,3,3,2.5,4,1,5,2,2,4.6,4,1
"id_230",54,"Nữ","Thạc sĩ",19,60.98,"Remote",10.28,5,5,2,5,1,4.95,4,3,1,2,2,4.11,3,0
"id_231",27,"Nam","Thạc sĩ",15,44.43,"Văn phòng",7.79,4,1,2,4,4,2.55,4,2,2,2,1,2.37,4,1
"id_232",59,"Nữ","Đại học",9,37.55,"Văn phòng",14.74,2,3,2,1,1,3.45,2,2,4,2,3,4.36,3,1
"id_233",22,"Nam","THPT",25,52.77,"Văn phòng",0.86,5,1,3,1,5,3.58,4,3,5,2,2,1.32,1,0
"id_234",24,"Nữ","Thạc sĩ",17,31.84,"Văn phòng",6.82,1,5,1,4,3,3.49,3,1,3,3,5,1.57,3,0
"id_235",60,"Nữ","Tiến sĩ",26,49.65,"Văn phòng",5.26,1,3,2,2,2,1.03,5,5,3,1,5,3.06,2,1
"id_236",51,"Nữ","Tiến sĩ",24,55.35,"Remote",10.91,4,4,5,4,5,4.81,3,5,3,5,4,2.42,5,0
"id_237",29,"Nam","THPT",25,41.36,"Hybrid",13.97,3,4,4,3,5,3.84,1,5,1,1,2,3.31,4,1
"id_238",35,"Nữ","THPT",30,30.09,"Văn phòng",9.94,3,4,2,3,4,1.05,1,2,3,5,1,3.93,2,0
"id_239",48,"Nam","THPT",6,26.52,"Remote",7.41,5,1,5,2,2,2.8,2,1,4,5,3,1.7,3,1
"id_240",60,"Nam","Tiến sĩ",33,44.56,"Remote",0.74,3,1,1,1,5,3.71,3,3,5,1,3,4.66,3,0
"id_241",41,"Nữ","Đại học",30,47.53,"Hybrid",18.65,1,5,4,5,3,3.95,5,2,2,2,5,4.65,1,0
"id_242",53,"Nam","THPT",24,45.27,"Văn phòng",6.78,1,2,4,5,2,2.39,3,5,3,4,2,1.97,5,1
"id_243",52,"Nam","Đại học",8,34.46,"Remote",11.2,3,1,4,3,5,2.6,4,4,4,3,1,4.8,4,1
"id_244",33,"Nữ","THPT",25,33.98,"Remote",5.24,5,3,4,5,2,2.16,3,4,2,3,3,1.77,1,0
"id_245",30,"Nữ","THPT",13,40.3,"Remote",10.56,3,5,2,1,2,1.19,1,3,5,5,5,4.17,3,1
"id_246",46,"Nam","Thạc sĩ",22,34.63,"Văn phòng",13.04,1,3,5,4,3,2.76,5,5,1,4,3,2.67,3,0
"id_247",39,"Nam","Đại học",35,54.88,"Văn phòng",9.94,1,5,1,4,1,1.97,5,2,4,1,2,4.43,4,1
"id_248",39,"Nữ","Thạc sĩ",7,59.42,"Hybrid",1.98,4,2,1,4,4,4.98,1,5,3,1,1,2.55,1,1
"id_249",29,"Nam","Thạc sĩ",13,60.19,"Remote",13.98,2,3,3,3,1,1.14,2,3,5,2,2,1.42,2,1
"id_250",57,"Nữ","Tiến sĩ",13,38.06,"Hybrid",13.23,2,4,3,4,4,3.67,2,3,2,5,5,1.82,3,0
"id_251",55,"Nam","Tiến sĩ",26,26.74,"Remote",18.95,1,2,4,4,1,3.16,1,1,5,5,4,2.97,3,0
"id_252",52,"Nam","Tiến sĩ",6,60.79,"Remote",1.15,5,5,3,1,3,2.47,1,2,1,5,3,3.56,5,0
"id_253",39,"Nữ","Thạc sĩ",15,47.78,"Hybrid",16.93,1,4,5,3,4,1.2,1,3,5,5,3,4.93,3,1
"id_254",45,"Nam","Thạc sĩ",9,37.37,"Remote",2.58,2,2,2,2,5,1.45,5,2,4,1,1,3.86,1,1
"id_255",29,"Nam","THPT",5,48.82,"Văn phòng",16.68,1,5,4,4,5,4.86,3,5,5,3,2,1.47,4,0
"id_256",22,"Nữ","Tiến sĩ",17,36.65,"Hybrid",18.6,3,1,3,1,2,4.91,4,1,2,1,3,3.65,1,0
"id_257",47,"Nam","Tiến sĩ",23,26.59,"Hybrid",19.73,4,3,3,5,4,4.4,5,4,5,5,1,3.34,4,1
"id_258",37,"Nữ","Đại học",28,31.19,"Remote",17.38,2,4,4,1,4,1.67,2,3,2,1,4,3.79,3,1
"id_259",51,"Nữ","Đại học",31,30.8,"Remote",7.24,1,3,4,4,3,3.99,5,4,2,2,2,1.65,4,0
"id_260",41,"Nam","Tiến sĩ",5,20.08,"Hybrid",12.73,1,5,1,5,1,3.64,2,5,2,2,4,4.13,3,0
"id_261",28,"Nam","Đại học",15,24.04,"Hybrid",10.23,5,4,1,3,4,1.13,1,3,2,3,5,3.82,3,1
"id_262",34,"Nam","THPT",5,21.19,"Remote",4.54,2,4,5,4,1,4.13,3,1,2,1,4,4.49,4,0
"id_263",22,"Nam","Đại học",13,30.87,"Hybrid",20.36,1,1,3,2,5,1.64,1,5,1,5,1,4.72,1,1
"id_264",31,"Nam","THPT",16,39.11,"Văn phòng",20.6,4,4,1,3,3,4.05,3,4,4,3,3,1.95,4,0
"id_265",49,"Nữ","THPT",8,33.23,"Văn phòng",6.76,2,2,1,2,1,3.12,5,2,2,2,5,2.18,1,1
"id_266",60,"Nữ","Đại học",13,29.52,"Văn phòng",2.73,3,3,2,1,4,2.01,5,2,4,4,2,2.78,5,1
"id_267",35,"Nam","Đại học",34,32.43,"Hybrid",16.17,5,2,1,4,1,2.45,3,1,2,2,2,3.73,2,1
"id_268",39,"Nam","THPT",13,58.95,"Hybrid",11.51,4,3,3,3,1,1.79,1,5,4,1,5,3.9,4,1
"id_269",57,"Nữ","Thạc sĩ",18,29.22,"Văn phòng",13.14,5,3,5,4,1,1.09,5,1,3,2,4,1.26,3,1
"id_270",47,"Nữ","Tiến sĩ",15,46.13,"Remote",20.24,2,2,5,2,1,1.54,4,5,2,4,1,2.17,4,0
"id_271",36,"Nam","Đại học",19,49.49,"Văn phòng",20.57,5,2,5,1,5,1.5,3,1,4,5,3,2.11,1,1
"id_272",26,"Nam","Thạc sĩ",20,32.74,"Văn phòng",3.53,1,1,2,2,1,3.5,2,1,2,2,5,2.83,5,1
"id_273",46,"Nam","THPT",22,24.97,"Văn phòng",19.86,2,1,4,2,2,2.26,2,3,4,1,5,3.98,4,0
"id_274",47,"Nam","THPT",24,55.17,"Hybrid",19.79,1,4,1,5,2,3.45,3,3,1,1,2,3.49,1,1
"id_275",52,"Nữ","THPT",5,21.94,"Remote",12.61,3,1,5,1,3,1.46,5,2,4,2,5,4.02,3,0
"id_276",33,"Nữ","Thạc sĩ",13,29.72,"Hybrid",6.81,5,2,3,2,5,2.7,5,4,4,1,2,4.67,5,0
"id_277",47,"Nữ","Thạc sĩ",26,40.66,"Văn phòng",15.33,3,3,1,4,4,1.65,2,2,2,1,1,1.09,3,0
"id_278",38,"Nữ","Đại học",15,43.47,"Remote",10.99,3,3,1,1,1,1.4,5,5,3,4,1,4.57,4,0
"id_279",52,"Nam","Tiến sĩ",29,55.54,"Hybrid",0.33,1,2,2,1,3,4.3,3,3,1,2,4,2.9,1,0
"id_280",39,"Nam","Đại học",36,50.62,"Remote",15.28,3,3,5,1,2,1.26,3,1,2,2,1,2.1,5,1
"id_281",32,"Nam","THPT",24,22.1,"Văn phòng",10.13,2,3,1,5,4,3.16,3,2,4,1,4,1.91,1,1
"id_282",55,"Nữ","Tiến sĩ",30,41.39,"Văn phòng",18.17,2,1,1,1,3,4.5,5,1,1,3,5,3.87,3,1
"id_283",48,"Nữ","Thạc sĩ",33,59.99,"Văn phòng",15.9,5,3,3,4,2,4.09,4,5,2,1,2,3.51,1,0
"id_284",34,"Nam","Đại học",32,36.93,"Hybrid",10.69,1,4,5,4,3,2.94,2,4,2,1,2,4.42,4,0
"id_285",41,"Nam","Đại học",34,39.68,"Hybrid",20.86,5,5,1,1,4,2.33,1,1,2,4,2,1.28,2,0
"id_286",23,"Nam","Tiến sĩ",19,36.28,"Remote",15.44,2,5,5,2,5,3.18,3,5,1,5,5,1.72,2,1
"id_287",42,"Nữ","Thạc sĩ",6,52.2,"Hybrid",11.72,1,5,2,3,5,1.33,4,5,1,2,4,1.79,3,1
"id_288",40,"Nam","Đại học",7,34.59,"Văn phòng",11.85,1,4,1,5,1,4.25,1,1,1,3,4,3.86,5,0
"id_289",32,"Nữ","THPT",29,37.3,"Remote",15.51,1,3,2,3,1,3.17,5,1,3,5,3,3.41,5,1
"id_290",43,"Nữ","Thạc sĩ",35,58.45,"Remote",9.74,1,5,4,4,5,3.72,1,1,4,5,2,1.02,1,1
"id_291",23,"Nữ","Tiến sĩ",32,22.65,"Văn phòng",11.34,5,4,4,1,3,2.01,5,5,3,4,4,2.1,5,1
"id_292",47,"Nam","Tiến sĩ",19,40.93,"Remote",13.7,5,3,1,2,4,1.7,3,2,5,3,2,1.46,1,0
"id_293",33,"Nữ","THPT",23,43.87,"Hybrid",2.48,5,1,2,3,4,3.11,3,2,2,1,4,1.31,4,0
"id_294",45,"Nữ","THPT",15,27.41,"Hybrid",15.62,1,4,5,2,3,1.47,3,2,1,5,5,3.5,3,1
"id_295",50,"Nam","Thạc sĩ",29,38.35,"Hybrid",11.38,3,1,3,2,4,3.26,2,2,4,1,4,2.57,2,0
"id_296",43,"Nam","THPT",13,32.33,"Hybrid",14.66,2,1,3,4,3,1.22,4,4,5,3,1,4.35,1,1
"id_297",36,"Nam","Tiến sĩ",20,20.91,"Remote",15.52,3,2,2,3,5,3.47,1,1,3,1,4,4.25,2,1
"id_298",59,"Nữ","Đại học",13,26.39,"Văn phòng",16.25,5,2,1,2,4,1.58,1,4,2,2,3,1.24,5,1
"id_299",48,"Nữ","Đại học",33,58.38,"Hybrid",13.03,5,4,1,2,3,3.75,5,5,1,3,3,2.37,2,0
"id_300",31,"Nam","THPT",15,47.67,"Văn phòng",9.67,3,1,4,2,5,3.19,2,3,1,5,5,2.01,2,1
