respondent_id,age,gender,education,income,work_hours,work_mode,tenure_years,js_q1,js_q2,js_q3,js_q4,js_q5,job_satisfaction,bo_q1,bo_q2,bo_q3,bo_q4,bo_q5,burnout_score,wlb,turnover_intent
R0001,24,Nam,Thạc sĩ,9,49.0,Remote,1.6,3,4,2,3,4,3.2,3,3,4,3,3,3.2,4,0
R0002,42,Nam,Đại học,6,46.6,Văn phòng,0.6,2,3,3,2,1,2.2,4,4,4,3,4,3.8,1,1
R0003,36,Nam,THPT,25,36.8,Văn phòng,0.8,4,4,3,3,4,3.6,3,3,3,2,2,2.6,3,0
R0004,22,Nam,THPT,10,39.6,Văn phòng,0.3,5,5,5,5,4,4.8,3,3,3,2,4,3.0,2,0
R0005,28,Nam,Đại học,5,42.6,Hybrid,6.9,4,3,3,4,4,3.6,4,4,4,4,4,4.0,4,1
R0006,48,Nam,Tiến sĩ,20,45.4,Văn phòng,0.3,3,3,3,3,3,3.0,2,2,2,2,1,1.8,3,0
R0007,22,Nữ,Tiến sĩ,11,51.2,Hybrid,9.0,4,3,3,4,3,3.4,4,5,4,4,4,4.2,3,1
R0008,30,Nam,Thạc sĩ,14,36.3,Hybrid,0.3,3,4,4,5,4,4.0,3,2,3,2,2,2.4,3,0
R0009,45,Nữ,Đại học,14,43.0,Văn phòng,6.7,3,3,3,3,3,3.0,3,4,3,4,4,3.6,2,0
R0010,26,Nam,Đại học,12,38.0,Hybrid,0.9,4,5,5,4,4,4.4,3,3,3,3,2,2.8,4,0
R0011,27,Nam,Đại học,13,43.4,Văn phòng,0.3,4,4,2,3,3,3.2,4,4,4,4,3,3.8,2,1
R0012,33,Nam,Đại học,11,32.2,Văn phòng,4.8,2,2,3,2,3,2.4,4,3,2,3,4,3.2,2,1
R0013,47,Nữ,Thạc sĩ,6,31.9,Văn phòng,0.3,4,4,3,3,3,3.4,2,3,3,3,4,3.0,3,0
R0014,28,Nam,Đại học,12,35.3,Remote,1.4,3,4,4,5,5,4.2,5,4,5,4,4,4.4,3,0
R0015,30,Nam,Đại học,17,38.1,Hybrid,0.3,4,4,4,4,4,4.0,4,4,4,3,4,3.8,5,0
R0016,30,Nữ,THPT,9,52.6,Hybrid,0.5,2,3,2,3,3,2.6,4,5,3,4,4,4.0,3,0
R0017,53,Nữ,Đại học,13,50.8,Văn phòng,0.5,4,3,4,4,4,3.8,5,5,4,5,4,4.6,2,1
R0018,53,Nam,Đại học,12,39.4,Văn phòng,5.1,5,3,3,3,3,3.4,4,3,4,3,4,3.6,4,0
R0019,43,Nữ,Đại học,25,46.4,Remote,14.3,5,5,5,5,5,5.0,2,1,2,3,2,2.0,5,0
R0020,37,Nam,Đại học,9,27.4,Văn phòng,1.1,4,4,5,5,5,4.6,2,1,2,2,1,1.6,3,0
R0021,40,Nam,Đại học,9,38.8,Remote,2.0,3,4,2,3,3,3.0,5,5,3,5,5,4.6,3,1
R0022,47,Nữ,Đại học,9,41.5,Văn phòng,1.9,1,2,2,1,2,1.6,3,4,3,3,4,3.4,2,1
R0023,25,Nam,THPT,9,49.4,Hybrid,1.2,4,4,4,4,4,4.0,3,4,3,3,4,3.4,4,0
R0024,44,Nữ,Thạc sĩ,5,41.6,Văn phòng,5.0,3,2,2,2,3,2.4,4,4,4,4,4,4.0,4,1
R0025,22,Nữ,Tiến sĩ,7,43.1,Remote,1.3,4,5,4,4,5,4.4,3,2,3,2,3,2.6,4,0
R0026,28,Nam,Đại học,12,43.5,Hybrid,2.9,3,3,4,3,3,3.2,2,2,2,3,3,2.4,3,0
R0027,42,Nam,Đại học,10,42.7,Remote,0.6,2,2,3,3,3,2.6,3,3,3,4,3,3.2,3,1
R0028,22,Nam,Tiến sĩ,7,28.4,Văn phòng,7.5,5,4,4,4,4,4.2,3,2,3,4,3,3.0,4,0
R0029,32,Nữ,Đại học,7,36.3,Văn phòng,4.7,2,3,4,3,4,3.2,2,4,4,4,3,3.4,5,0
R0030,26,Nữ,Thạc sĩ,8,51.4,Văn phòng,3.1,3,3,3,3,3,3.0,3,3,3,3,2,2.8,2,0
R0031,31,Nữ,Thạc sĩ,7,46.2,Văn phòng,3.8,4,5,4,5,4,4.4,4,5,5,4,4,4.4,3,0
R0032,22,Nam,Đại học,8,43.9,Remote,1.0,3,3,3,3,3,3.0,4,3,3,4,3,3.4,4,0
R0033,22,Nữ,Đại học,8,40.4,Hybrid,7.4,3,4,4,4,4,3.8,2,3,3,3,3,2.8,4,0
R0034,27,Nữ,Tiến sĩ,16,47.6,Hybrid,0.5,3,3,2,3,3,2.8,4,3,3,3,4,3.4,4,0
R0035,42,Nữ,THPT,17,35.0,Văn phòng,8.5,3,2,3,3,3,2.8,1,1,1,1,1,1.0,1,0
R0036,32,Nam,Đại học,16,29.7,Văn phòng,3.8,3,2,4,3,3,3.0,3,2,3,2,2,2.4,4,0
R0037,34,Nữ,Đại học,12,38.0,Văn phòng,11.3,3,2,3,3,3,2.8,3,2,3,3,3,2.8,3,0
R0038,40,Nam,Đại học,7,43.9,Văn phòng,1.4,4,3,3,4,4,3.6,2,2,2,2,3,2.2,4,0
R0039,26,Nam,Thạc sĩ,16,43.2,Remote,11.0,3,2,3,3,2,2.6,3,3,3,3,4,3.2,5,0
R0040,36,Nữ,Đại học,9,48.3,Remote,4.1,4,4,5,4,3,4.0,2,1,2,2,2,1.8,4,0
R0041,26,Nam,THPT,10,43.3,Văn phòng,0.3,3,2,2,2,2,2.2,4,5,5,5,4,4.6,1,1
R0042,22,Nữ,Đại học,19,43.6,Văn phòng,0.4,3,4,4,4,3,3.6,3,3,3,2,3,2.8,2,0
R0043,30,Nam,Thạc sĩ,10,51.1,Văn phòng,3.6,3,1,2,2,2,2.0,5,4,4,5,4,4.4,3,1
R0044,39,Nam,Tiến sĩ,11,49.9,Hybrid,0.4,3,4,3,4,4,3.6,3,3,2,2,2,2.4,4,0
R0045,37,Nữ,Đại học,5,38.2,Remote,5.5,5,4,5,4,5,4.6,4,3,4,3,4,3.6,5,0
R0046,33,Nam,Thạc sĩ,13,32.6,Văn phòng,4.5,3,2,3,4,3,3.0,5,4,4,4,3,4.0,4,0
R0047,55,Nữ,THPT,6,32.0,Hybrid,0.8,4,5,4,4,5,4.4,2,1,1,1,2,1.4,3,0
R0048,37,Nam,Thạc sĩ,17,41.3,Remote,4.1,3,3,4,3,3,3.2,3,3,3,2,3,2.8,5,0
R0049,42,Nữ,Đại học,9,37.3,Hybrid,3.3,4,3,4,3,4,3.6,2,2,1,2,1,1.6,3,0
R0050,54,Nam,Tiến sĩ,5,52.3,Văn phòng,1.1,2,2,2,2,2,2.0,4,3,4,3,3,3.4,3,1
R0051,22,Nam,Đại học,8,26.5,Hybrid,4.9,4,4,4,4,3,3.8,3,3,3,3,3,3.0,3,0
R0052,24,Nữ,Tiến sĩ,9,39.7,Văn phòng,1.2,2,3,3,2,3,2.6,3,2,3,3,3,2.8,4,0
R0053,49,Nữ,Đại học,13,32.9,Remote,8.0,4,4,4,2,4,3.6,2,2,2,2,1,1.8,5,0
R0054,26,Nữ,Đại học,14,42.6,Văn phòng,2.0,5,5,5,4,4,4.6,4,5,4,4,3,4.0,4,0
R0055,34,Nam,Thạc sĩ,8,43.0,Văn phòng,2.7,1,2,2,2,2,1.8,4,4,3,4,4,3.8,3,1
R0056,43,Nam,Đại học,17,39.4,Văn phòng,4.3,2,3,4,4,4,3.4,4,4,4,3,3,3.6,3,0
R0057,42,Nữ,Đại học,5,43.2,Văn phòng,8.6,3,3,3,2,4,3.0,5,5,5,5,4,4.8,4,0
R0058,49,Nam,Đại học,7,38.0,Văn phòng,2.4,4,3,3,3,4,3.4,3,3,3,3,3,3.0,3,1
R0059,47,Nữ,Tiến sĩ,6,37.9,Văn phòng,4.3,1,2,2,2,1,1.6,3,4,3,4,4,3.6,4,1
R0060,43,Nam,Đại học,5,35.7,Hybrid,3.6,4,3,4,3,4,3.6,2,3,3,3,2,2.6,5,0
R0061,27,Nữ,Thạc sĩ,16,47.5,Remote,0.3,3,3,2,2,3,2.6,3,4,3,4,3,3.4,4,0
R0062,41,Nữ,Đại học,15,43.1,Văn phòng,4.0,3,3,2,3,4,3.0,3,2,2,2,2,2.2,2,0
R0063,36,Nữ,Đại học,7,52.2,Văn phòng,0.3,3,2,3,2,3,2.6,3,3,3,4,3,3.2,2,1
R0064,22,Nam,Đại học,18,53.1,Remote,2.8,1,1,1,1,2,1.2,5,4,5,5,5,4.8,4,1
R0065,46,Nam,Tiến sĩ,10,44.9,Hybrid,0.5,3,2,3,3,3,2.8,3,4,3,4,3,3.4,5,0
R0066,41,Nữ,Thạc sĩ,8,22.6,Văn phòng,3.8,4,4,4,4,4,4.0,3,4,3,4,2,3.2,4,0
R0067,34,Nữ,Đại học,7,27.7,Hybrid,5.1,3,3,4,4,3,3.4,3,3,2,3,2,2.6,3,0
R0068,31,Nữ,THPT,7,47.5,Remote,6.2,4,3,4,4,3,3.6,3,3,3,2,2,2.6,3,0
R0069,23,Nam,Đại học,13,37.6,Hybrid,3.6,5,5,5,5,5,5.0,3,2,3,3,3,2.8,4,0
R0070,35,Nữ,Đại học,14,43.6,Hybrid,18.1,5,3,5,4,4,4.2,4,4,3,2,2,3.0,4,0
R0071,38,Nam,Đại học,11,35.8,Hybrid,1.8,4,3,3,3,3,3.2,3,2,4,3,3,3.0,3,1
R0072,26,Nam,Thạc sĩ,5,43.1,Văn phòng,0.3,5,4,5,4,5,4.6,4,5,5,4,4,4.4,3,1
R0073,44,Nữ,Thạc sĩ,12,48.8,Văn phòng,6.8,2,3,3,2,2,2.4,1,2,3,2,2,2.0,3,0
R0074,24,Nam,THPT,13,31.7,Văn phòng,2.4,4,3,4,3,4,3.6,3,2,2,3,3,2.6,4,0
R0075,22,Nữ,Tiến sĩ,7,33.1,Remote,3.1,1,3,3,2,3,2.4,3,2,2,4,3,2.8,4,0
R0076,43,Nữ,Đại học,10,27.2,Văn phòng,7.5,4,4,4,3,4,3.8,2,2,3,3,2,2.4,2,0
R0077,30,Nam,Đại học,5,40.9,Văn phòng,1.2,4,3,2,3,4,3.2,3,4,4,5,5,4.2,4,0
R0078,32,Nam,Đại học,5,25.7,Hybrid,1.6,4,3,3,3,3,3.2,1,1,1,1,2,1.2,5,0
R0079,26,Nữ,Thạc sĩ,8,37.0,Văn phòng,0.4,3,4,3,3,3,3.2,5,5,5,5,5,5.0,3,1
R0080,22,Nữ,Thạc sĩ,9,44.4,Remote,4.6,3,4,4,4,3,3.6,3,4,3,3,2,3.0,3,1
R0081,45,Nữ,Thạc sĩ,12,57.6,Văn phòng,1.0,1,2,1,2,1,1.4,4,3,4,3,4,3.6,2,1
R0082,27,Nữ,Tiến sĩ,6,42.2,Hybrid,7.7,4,3,3,2,3,3.0,2,3,2,3,2,2.4,3,0
R0083,48,Nữ,Thạc sĩ,8,49.9,Remote,3.8,4,3,4,3,4,3.6,2,2,2,2,3,2.2,3,0
R0084,41,Nam,Thạc sĩ,8,42.0,Văn phòng,9.7,2,2,2,2,2,2.0,4,4,5,4,4,4.2,3,1
R0085,31,Nam,THPT,13,43.9,Hybrid,0.3,4,4,3,3,3,3.4,5,4,5,4,4,4.4,2,0
R0086,24,Nữ,Thạc sĩ,20,41.8,Văn phòng,19.2,4,5,4,4,5,4.4,2,2,2,1,2,1.8,2,0
R0087,27,Nam,Thạc sĩ,24,41.6,Văn phòng,2.0,3,4,4,3,3,3.4,3,3,3,3,3,3.0,3,0
R0088,23,Nữ,THPT,5,48.4,Remote,3.2,3,3,3,3,3,3.0,2,2,2,2,2,2.0,3,0
R0089,52,Nam,Thạc sĩ,10,43.5,Hybrid,4.1,2,1,1,1,1,1.2,1,1,2,2,2,1.6,2,1
R0090,35,Nữ,Thạc sĩ,6,42.0,Hybrid,2.7,1,2,3,2,3,2.2,3,2,3,3,4,3.0,4,1
R0091,44,Nữ,THPT,10,35.6,Văn phòng,3.0,4,3,4,4,4,3.8,2,4,3,3,2,2.8,4,0
R0092,22,Nam,Đại học,12,38.3,Remote,2.2,5,4,4,5,5,4.6,2,2,2,3,2,2.2,3,0
R0093,35,Nữ,Đại học,10,57.0,Hybrid,0.8,2,2,2,4,2,2.4,5,5,4,4,4,4.4,4,1
R0094,44,Nam,Đại học,10,40.0,Remote,14.0,2,2,4,2,3,2.6,2,2,2,2,2,2.0,3,0
R0095,30,Nam,THPT,21,54.4,Văn phòng,6.5,3,2,2,3,4,2.8,2,3,3,3,3,2.8,3,1
R0096,43,Nam,Đại học,14,37.5,Văn phòng,3.6,3,2,3,3,3,2.8,2,3,2,3,3,2.6,2,1
R0097,24,Nam,Thạc sĩ,9,46.6,Remote,0.3,2,2,2,3,2,2.2,1,1,1,1,1,1.0,3,0
R0098,22,Nam,Đại học,10,42.8,Hybrid,9.0,2,3,3,3,3,2.8,3,3,3,3,3,3.0,2,0
R0099,37,Nữ,Đại học,15,38.8,Hybrid,0.3,4,4,4,5,4,4.2,1,2,2,1,1,1.4,3,0
R0100,30,Nữ,Thạc sĩ,14,46.9,Văn phòng,6.1,3,1,2,2,2,2.0,3,3,3,3,3,3.0,3,0
R0101,39,Nam,Thạc sĩ,8,27.6,Hybrid,0.3,4,3,3,3,2,3.0,3,2,3,2,2,2.4,5,0
R0102,22,Nữ,Thạc sĩ,5,43.6,Văn phòng,5.7,1,2,2,1,2,1.6,1,2,2,1,2,1.6,2,0
R0103,40,Nữ,THPT,6,45.6,Hybrid,7.4,2,3,2,2,3,2.4,2,3,1,2,2,2.0,3,1
R0104,57,Nam,Đại học,11,43.0,Hybrid,2.4,4,4,3,3,4,3.6,3,3,4,3,3,3.2,2,0
R0105,33,Nữ,Đại học,5,49.5,Hybrid,3.2,4,3,3,3,3,3.2,3,3,4,5,4,3.8,4,1
R0106,34,Nam,Thạc sĩ,9,39.7,Hybrid,7.3,3,3,4,4,5,3.8,5,4,4,4,5,4.4,3,0
R0107,35,Nam,Tiến sĩ,8,38.7,Văn phòng,14.1,2,3,2,2,2,2.2,4,4,4,4,4,4.0,2,1
R0108,22,Nữ,Đại học,16,45.1,Văn phòng,0.3,3,3,3,2,3,2.8,3,2,3,3,3,2.8,3,0
R0109,37,Nữ,Đại học,5,45.9,Văn phòng,0.6,3,2,3,2,2,2.4,3,2,3,3,3,2.8,4,0
R0110,22,Nữ,Thạc sĩ,5,43.6,Remote,8.0,4,4,3,3,4,3.6,2,2,2,1,2,1.8,3,0
R0111,30,Nam,Thạc sĩ,8,38.1,Văn phòng,4.5,3,3,4,4,3,3.4,4,4,5,4,4,4.2,4,0
R0112,45,Nữ,Đại học,14,33.7,Hybrid,1.3,4,4,4,4,5,4.2,1,2,1,1,1,1.2,4,0
R0113,27,Nữ,Đại học,17,47.9,Văn phòng,2.4,2,3,3,3,3,2.8,2,3,2,3,3,2.6,3,0
R0114,38,Nữ,Đại học,6,33.0,Văn phòng,0.5,3,3,3,4,4,3.4,3,3,3,2,3,2.8,4,0
R0115,43,Nam,Đại học,13,34.9,Văn phòng,0.3,3,3,3,3,3,3.0,4,4,5,4,4,4.2,3,0
R0116,36,Nữ,THPT,6,34.1,Văn phòng,5.3,5,5,4,4,4,4.4,3,4,4,3,3,3.4,2,1
R0117,22,Nữ,THPT,7,40.1,Văn phòng,5.2,3,3,3,3,2,2.8,2,4,4,3,3,3.2,3,1
R0118,31,Nam,Thạc sĩ,13,35.0,Văn phòng,4.7,5,5,3,5,4,4.4,4,4,4,4,4,4.0,3,0
R0119,51,Nữ,Đại học,14,32.6,Hybrid,8.6,4,4,5,5,4,4.4,5,4,5,5,3,4.4,3,1
R0120,22,Nữ,THPT,6,34.0,Văn phòng,1.4,4,3,2,3,2,2.8,3,3,3,2,3,2.8,4,0
R0121,31,Nữ,Thạc sĩ,13,39.9,Remote,2.2,5,4,5,4,5,4.6,3,4,4,4,3,3.6,3,0
R0122,29,Nam,Đại học,5,42.6,Hybrid,1.2,4,4,4,4,4,4.0,4,4,3,4,3,3.6,2,0
R0123,35,Nữ,Đại học,9,40.7,Remote,3.9,1,2,3,2,2,2.0,4,4,3,3,4,3.6,3,1
R0124,40,Nữ,Đại học,6,30.7,Remote,4.1,3,3,4,4,3,3.4,2,2,3,4,2,2.6,4,0
R0125,48,Nam,Tiến sĩ,7,41.4,Hybrid,2.1,4,4,5,4,3,4.0,3,2,3,3,2,2.6,4,0
R0126,31,Nữ,THPT,5,41.6,Văn phòng,10.9,4,3,4,3,3,3.4,3,2,2,3,3,2.6,3,0
R0127,41,Nam,Thạc sĩ,13,37.8,Văn phòng,2.7,2,2,2,2,3,2.2,3,3,3,3,3,3.0,3,1
R0128,38,Nữ,Tiến sĩ,13,35.0,Remote,10.0,5,5,5,5,4,4.8,2,2,1,1,2,1.6,5,0
R0129,38,Nam,Thạc sĩ,7,33.2,Hybrid,5.2,5,5,4,5,4,4.6,1,1,1,1,1,1.0,3,0
R0130,28,Nam,Thạc sĩ,12,36.8,Hybrid,11.2,4,5,4,3,4,4.0,5,5,5,5,5,5.0,3,0
R0131,25,Nữ,Đại học,11,58.5,Văn phòng,5.7,1,1,1,1,1,1.0,3,3,3,3,4,3.2,2,1
R0132,24,Nam,Thạc sĩ,9,33.1,Hybrid,1.0,3,3,3,3,3,3.0,2,3,2,2,3,2.4,3,1
R0133,27,Nữ,Thạc sĩ,29,48.3,Hybrid,4.7,4,4,3,4,3,3.6,2,4,2,3,3,2.8,3,0
R0134,36,Nữ,Đại học,7,33.9,Remote,1.1,4,3,3,3,4,3.4,4,4,4,3,4,3.8,5,0
R0135,40,Nữ,Thạc sĩ,10,36.5,Hybrid,1.4,4,4,5,5,4,4.4,4,3,4,4,4,3.8,4,0
R0136,36,Nữ,Thạc sĩ,8,34.3,Văn phòng,1.0,3,4,4,4,4,3.8,4,5,4,4,4,4.2,4,1
R0137,29,Nam,Thạc sĩ,8,46.3,Hybrid,2.7,4,4,5,5,4,4.4,3,4,3,3,3,3.2,2,0
R0138,50,Nam,Thạc sĩ,11,43.8,Remote,2.3,5,4,5,4,3,4.2,2,3,3,3,2,2.6,3,0
R0139,47,Nữ,Đại học,9,39.2,Hybrid,9.5,4,4,4,3,4,3.8,3,3,3,3,4,3.2,5,0
R0140,30,Nữ,Đại học,6,43.3,Văn phòng,3.6,3,3,3,3,2,2.8,4,5,5,4,4,4.4,2,1
R0141,26,Nam,Đại học,11,46.7,Remote,1.8,5,4,4,4,4,4.2,1,1,2,1,2,1.4,5,0
R0142,35,Nam,THPT,18,36.1,Hybrid,3.9,4,4,3,3,4,3.6,2,3,3,3,3,2.8,4,0
R0143,45,Nam,Đại học,16,46.7,Hybrid,1.7,3,2,3,3,3,2.8,3,3,3,4,3,3.2,5,0
R0144,36,Nữ,Đại học,11,35.1,Hybrid,7.2,3,3,3,4,4,3.4,3,4,5,5,4,4.2,5,0
R0145,39,Nam,Đại học,7,46.3,Hybrid,0.4,3,3,3,4,3,3.2,2,2,2,1,2,1.8,4,0
R0146,32,Nữ,THPT,11,46.7,Hybrid,1.0,3,1,3,3,2,2.4,2,3,3,3,3,2.8,4,0
R0147,38,Nữ,Đại học,17,45.8,Hybrid,0.4,4,4,3,4,4,3.8,3,3,4,4,4,3.6,4,0
R0148,47,Nữ,THPT,18,41.2,Văn phòng,8.1,3,2,3,3,3,2.8,4,3,5,5,3,4.0,4,0
R0149,31,Nữ,Tiến sĩ,12,36.9,Văn phòng,1.3,3,4,4,4,5,4.0,5,4,5,3,4,4.2,3,1
R0150,35,Nữ,Đại học,8,37.8,Remote,21.0,3,3,2,4,3,3.0,3,4,4,4,4,3.8,4,1
R0151,36,Nữ,Đại học,9,46.4,Văn phòng,0.7,3,3,2,3,3,2.8,3,4,1,3,2,2.6,2,0
R0152,36,Nữ,THPT,15,36.5,Văn phòng,1.6,4,4,4,5,4,4.2,3,4,4,4,4,3.8,5,0
R0153,22,Nữ,Đại học,14,42.1,Văn phòng,9.0,2,3,3,3,3,2.8,3,2,3,2,3,2.6,4,0
R0154,22,Nữ,THPT,5,25.0,Văn phòng,4.0,2,2,3,3,3,2.6,3,4,4,4,4,3.8,4,0
R0155,24,Nữ,THPT,14,43.8,Văn phòng,2.7,5,4,5,4,5,4.6,3,3,2,2,4,2.8,2,0
R0156,35,Nữ,Đại học,14,33.4,Hybrid,0.7,4,3,3,4,4,3.6,2,2,2,2,3,2.2,4,0
R0157,38,Nam,Thạc sĩ,6,28.8,Văn phòng,6.3,3,4,3,3,4,3.4,4,3,3,4,3,3.4,4,0
R0158,29,Nữ,Đại học,7,43.7,Hybrid,1.6,4,4,2,3,3,3.2,4,4,3,3,4,3.6,1,1
R0159,46,Nữ,THPT,7,41.3,Văn phòng,5.6,3,2,3,3,3,2.8,3,3,4,4,3,3.4,3,0
R0160,32,Nam,Đại học,7,36.1,Văn phòng,3.5,3,4,5,4,4,4.0,5,4,4,3,3,3.8,3,0
R0161,34,Nữ,Thạc sĩ,5,36.6,Remote,3.8,3,3,2,3,3,2.8,2,2,2,2,2,2.0,5,0
R0162,32,Nam,Thạc sĩ,12,59.3,Remote,1.6,3,3,4,4,4,3.6,3,3,3,4,4,3.4,3,0
R0163,35,Nam,Thạc sĩ,7,38.0,Remote,0.3,5,5,5,4,5,4.8,3,2,2,2,2,2.2,4,0
R0164,40,Nam,Đại học,10,38.9,Hybrid,3.6,4,3,4,4,3,3.6,2,3,2,2,3,2.4,5,0
R0165,39,Nữ,Đại học,8,45.1,Văn phòng,5.4,3,3,2,2,3,2.6,3,3,4,3,4,3.4,4,1
R0166,25,Nam,Thạc sĩ,11,41.5,Văn phòng,3.4,2,2,2,2,3,2.2,4,4,4,4,4,4.0,5,1
R0167,47,Nữ,Đại học,6,47.2,Remote,3.7,3,4,3,4,5,3.8,4,3,4,3,4,3.6,4,0
R0168,24,Nữ,Thạc sĩ,11,43.0,Văn phòng,4.8,3,3,3,3,2,2.8,4,3,2,4,3,3.2,4,1
R0169,34,Nam,Đại học,12,47.2,Văn phòng,0.3,4,4,3,5,4,4.0,3,2,3,2,2,2.4,4,0
R0170,31,Nam,Đại học,15,45.5,Văn phòng,1.0,2,2,2,2,2,2.0,2,2,3,2,3,2.4,3,1
R0171,24,Nữ,THPT,27,50.8,Hybrid,3.8,3,4,4,4,4,3.8,4,3,3,3,3,3.2,4,0
R0172,33,Nữ,THPT,5,38.7,Hybrid,0.6,3,3,3,4,3,3.2,1,2,1,1,1,1.2,4,0
R0173,27,Nữ,Thạc sĩ,12,42.9,Văn phòng,1.3,3,2,3,3,3,2.8,3,3,3,3,3,3.0,3,0
R0174,34,Nữ,Đại học,7,37.4,Văn phòng,0.3,3,2,2,1,3,2.2,3,3,2,2,3,2.6,4,0
R0175,37,Nữ,Tiến sĩ,5,43.8,Văn phòng,1.0,3,3,3,3,3,3.0,3,3,2,3,3,2.8,3,1
R0176,47,Nữ,Đại học,15,31.2,Văn phòng,0.3,3,4,4,3,3,3.4,2,1,2,1,1,1.4,5,0
R0177,36,Nữ,Đại học,19,49.0,Văn phòng,6.8,3,4,4,2,3,3.2,2,2,4,3,3,2.8,3,0
R0178,28,Nam,Đại học,8,47.9,Văn phòng,3.5,4,3,3,4,4,3.6,5,4,5,5,5,4.8,4,1
R0179,30,Nam,Đại học,11,46.7,Remote,3.2,4,3,3,4,4,3.6,3,3,3,3,2,2.8,4,0
R0180,35,Nam,Thạc sĩ,10,39.7,Remote,0.3,5,5,5,5,5,5.0,3,2,2,2,2,2.2,4,0
R0181,34,Nữ,THPT,12,45.1,Văn phòng,7.6,2,3,4,2,3,2.8,2,2,3,3,2,2.4,3,1
R0182,47,Nam,Thạc sĩ,15,35.8,Văn phòng,0.3,2,4,3,4,4,3.4,4,4,4,4,2,3.6,3,0
R0183,46,Nữ,Đại học,12,47.8,Văn phòng,6.2,2,4,3,3,4,3.2,1,2,2,1,1,1.4,1,0
R0184,30,Nữ,Đại học,12,32.3,Hybrid,1.0,2,3,3,3,3,2.8,4,4,4,4,5,4.2,4,1
R0185,29,Nam,Đại học,19,47.9,Remote,6.9,4,4,4,4,3,3.8,3,3,2,3,3,2.8,5,0
R0186,22,Nam,Đại học,9,44.5,Văn phòng,0.6,2,2,2,3,3,2.4,4,4,4,3,4,3.8,3,1
R0187,29,Nam,Đại học,16,45.6,Văn phòng,3.2,2,4,2,4,3,3.0,3,4,4,4,4,3.8,3,1
R0188,25,Nữ,Đại học,7,36.0,Hybrid,0.3,4,4,4,4,4,4.0,4,4,4,4,4,4.0,5,0
R0189,30,Nữ,Đại học,22,50.2,Văn phòng,3.2,4,4,4,5,4,4.2,5,5,5,5,4,4.8,4,0
R0190,37,Nam,Đại học,14,27.0,Remote,0.6,5,5,5,4,4,4.6,4,4,4,4,3,3.8,4,0
R0191,35,Nữ,Đại học,8,46.1,Văn phòng,6.6,3,4,4,3,3,3.4,2,3,2,3,3,2.6,5,0
R0192,33,Nữ,Thạc sĩ,5,40.5,Hybrid,1.1,4,4,5,4,3,4.0,2,2,2,1,1,1.6,4,0
R0193,35,Nữ,Đại học,10,48.9,Văn phòng,0.5,1,3,2,3,2,2.2,2,2,2,2,2,2.0,2,1
R0194,32,Nữ,Đại học,6,40.9,Văn phòng,0.3,4,3,3,3,3,3.2,5,5,5,5,5,5.0,3,0
R0195,35,Nữ,Đại học,12,55.8,Văn phòng,3.4,3,2,2,3,3,2.6,3,3,3,3,3,3.0,3,0
R0196,22,Nam,THPT,21,36.3,Remote,4.3,3,2,3,4,3,3.0,3,4,3,4,3,3.4,4,0
R0197,31,Nữ,Đại học,11,45.7,Remote,9.0,3,4,4,3,3,3.4,2,1,2,2,1,1.6,3,0
R0198,33,Nữ,Đại học,9,33.1,Hybrid,0.3,1,2,2,1,2,1.6,4,4,3,4,3,3.6,5,1
R0199,30,Nam,Đại học,12,40.1,Văn phòng,2.0,3,3,3,4,2,3.0,5,5,5,4,4,4.6,2,1
R0200,32,Nam,Thạc sĩ,12,47.0,Văn phòng,0.7,1,2,2,2,3,2.0,4,3,4,3,4,3.6,3,1
R0201,40,Nữ,Đại học,5,44.0,Remote,2.8,2,3,3,2,2,2.4,2,2,2,2,2,2.0,3,0
R0202,28,Nam,Đại học,11,57.4,Hybrid,1.1,2,4,2,3,3,2.8,4,4,4,5,5,4.4,3,1
R0203,53,Nam,THPT,14,38.9,Văn phòng,2.1,1,2,2,2,2,1.8,3,3,4,3,3,3.2,1,1
R0204,40,Nữ,Đại học,9,50.5,Hybrid,1.8,5,4,5,4,5,4.6,5,5,4,5,5,4.8,3,0
R0205,33,Nữ,Thạc sĩ,16,40.3,Hybrid,4.7,3,3,3,3,3,3.0,2,2,2,2,2,2.0,4,0
R0206,32,Nữ,Đại học,9,34.6,Văn phòng,5.4,2,3,3,3,2,2.6,4,4,5,3,4,4.0,2,1
R0207,33,Nam,Đại học,15,29.0,Văn phòng,2.2,5,4,4,3,4,4.0,2,2,2,2,3,2.2,4,0
R0208,25,Nữ,Đại học,31,48.1,Văn phòng,1.1,4,4,3,3,3,3.4,2,2,2,3,2,2.2,3,0
R0209,33,Nữ,Tiến sĩ,10,36.3,Văn phòng,6.3,3,4,3,4,3,3.4,4,3,3,4,3,3.4,4,1
R0210,36,Nam,THPT,5,45.8,Văn phòng,7.5,3,3,2,2,2,2.4,4,3,4,4,3,3.6,3,1
R0211,39,Nam,Đại học,8,35.7,Hybrid,3.1,3,3,3,3,3,3.0,3,4,3,3,4,3.4,4,0
R0212,39,Nữ,THPT,5,35.2,Hybrid,1.1,5,4,4,3,4,4.0,5,5,5,5,4,4.8,5,0
R0213,31,Nữ,Đại học,14,44.5,Văn phòng,6.1,3,2,3,2,3,2.6,3,2,2,3,2,2.4,3,0
R0214,22,Nữ,Đại học,19,57.0,Remote,1.8,2,2,2,2,4,2.4,3,2,2,3,3,2.6,2,0
R0215,27,Nam,Thạc sĩ,14,33.0,Hybrid,10.0,3,3,3,3,2,2.8,2,3,3,2,3,2.6,5,0
R0216,48,Nam,Đại học,12,49.2,Văn phòng,1.2,3,3,3,3,2,2.8,3,3,3,2,2,2.6,3,0
R0217,42,Nữ,Thạc sĩ,7,46.6,Remote,11.3,3,4,3,4,4,3.6,2,2,2,2,2,2.0,3,0
R0218,37,Nữ,Đại học,22,42.3,Văn phòng,2.2,3,4,3,3,4,3.4,3,2,2,2,2,2.2,3,0
R0219,27,Nữ,THPT,15,47.4,Văn phòng,5.6,5,4,5,5,5,4.8,4,3,3,5,3,3.6,2,0
R0220,34,Nam,Đại học,11,38.5,Hybrid,0.9,5,3,3,3,4,3.6,2,2,2,2,2,2.0,3,0
R0221,22,Nam,THPT,11,59.8,Văn phòng,3.9,2,2,2,2,2,2.0,3,3,4,4,4,3.6,1,1
R0222,29,Nam,Đại học,11,39.9,Văn phòng,3.5,3,2,3,2,3,2.6,4,4,4,3,4,3.8,3,0
R0223,31,Nam,Đại học,13,42.0,Văn phòng,2.2,4,3,3,4,4,3.6,3,2,2,1,2,2.0,2,0
R0224,30,Nữ,Thạc sĩ,7,37.0,Hybrid,5.3,4,3,4,3,4,3.6,4,4,4,4,3,3.8,4,1
R0225,42,Nữ,Đại học,21,30.3,Văn phòng,6.8,4,3,4,3,5,3.8,4,4,4,4,4,4.0,4,0
R0226,22,Nam,THPT,11,38.7,Hybrid,5.2,4,4,3,3,3,3.4,4,3,3,2,4,3.2,4,0
R0227,26,Nam,Đại học,13,43.3,Văn phòng,6.7,2,3,4,4,3,3.2,4,4,3,3,4,3.6,2,0
R0228,22,Nữ,Đại học,8,51.9,Remote,5.5,5,3,4,4,3,3.8,3,4,3,3,2,3.0,2,0
R0229,22,Nữ,Đại học,12,45.0,Văn phòng,0.6,4,3,3,3,3,3.2,3,4,4,4,3,3.6,2,1
R0230,35,Nữ,THPT,5,37.5,Văn phòng,5.9,3,4,3,3,3,3.2,4,3,4,4,4,3.8,3,1
R0231,22,Nam,Thạc sĩ,6,39.8,Văn phòng,0.8,3,4,3,2,4,3.2,2,2,2,2,2,2.0,2,0
R0232,40,Nữ,Đại học,10,43.1,Văn phòng,0.4,3,4,3,4,4,3.6,1,2,2,3,3,2.2,2,0
R0233,31,Nam,Đại học,5,36.0,Remote,9.3,3,3,1,2,2,2.2,2,3,3,2,2,2.4,3,0
R0234,34,Nữ,Thạc sĩ,34,53.2,Remote,3.6,4,4,4,4,4,4.0,3,4,4,3,3,3.4,3,0
R0235,36,Nữ,THPT,5,52.0,Hybrid,0.8,4,3,4,3,3,3.4,3,3,3,4,4,3.4,1,0
R0236,30,Nữ,Tiến sĩ,12,38.2,Remote,4.0,4,4,3,4,3,3.6,2,3,3,3,3,2.8,2,1
R0237,43,Nữ,Thạc sĩ,23,54.1,Hybrid,1.6,2,2,2,2,1,1.8,3,3,3,2,2,2.6,2,1
R0238,32,Nữ,Đại học,13,48.4,Remote,0.6,2,3,2,2,2,2.2,3,3,4,3,4,3.4,2,1
R0239,39,Nữ,THPT,9,44.5,Hybrid,6.4,3,3,3,3,2,2.8,2,3,3,2,2,2.4,3,0
R0240,32,Nữ,Đại học,8,40.8,Văn phòng,0.5,3,2,2,2,2,2.2,2,2,2,3,3,2.4,3,0
R0241,36,Nam,Thạc sĩ,14,44.4,Hybrid,13.1,4,3,4,4,3,3.6,5,5,4,5,5,4.8,3,1
R0242,36,Nam,Thạc sĩ,7,37.9,Văn phòng,5.9,3,3,2,3,4,3.0,5,4,5,4,5,4.6,2,1
R0243,36,Nữ,Thạc sĩ,9,54.9,Văn phòng,5.0,3,2,2,3,2,2.4,4,5,4,4,4,4.2,2,1
R0244,25,Nữ,Đại học,14,36.0,Remote,1.1,4,4,3,3,2,3.2,3,3,3,3,2,2.8,2,0
R0245,37,Nam,Đại học,9,49.3,Remote,5.7,4,3,3,3,4,3.4,3,2,3,3,3,2.8,4,0
R0246,31,Nam,Thạc sĩ,10,52.9,Hybrid,0.3,3,3,4,3,4,3.4,4,5,4,4,3,4.0,4,1
R0247,39,Nữ,Đại học,9,37.6,Hybrid,3.2,4,3,3,3,4,3.4,2,3,3,2,2,2.4,3,0
R0248,22,Nam,THPT,6,48.6,Văn phòng,1.5,3,3,4,3,3,3.2,2,3,2,2,2,2.2,3,0
R0249,22,Nữ,Đại học,18,44.1,Văn phòng,7.1,3,2,3,3,3,2.8,3,3,4,3,4,3.4,3,1
R0250,37,Nam,Tiến sĩ,20,44.0,Hybrid,5.7,3,3,4,3,3,3.2,2,1,1,2,2,1.6,3,0
R0251,50,Nữ,Đại học,9,39.6,Remote,2.7,4,3,4,3,3,3.4,5,3,5,5,4,4.4,4,1
R0252,41,Nam,Đại học,9,27.3,Văn phòng,2.6,3,3,2,4,3,3.0,2,2,3,2,2,2.2,3,0
R0253,27,Nữ,THPT,9,44.6,Hybrid,0.3,4,3,3,3,3,3.2,3,3,3,3,3,3.0,5,0
R0254,22,Nữ,Đại học,13,52.9,Hybrid,1.1,4,5,4,4,5,4.4,3,2,2,2,2,2.2,3,0
R0255,40,Nam,Đại học,6,33.7,Văn phòng,4.9,5,5,4,4,5,4.6,3,3,2,2,3,2.6,3,0
R0256,33,Nữ,Đại học,10,47.3,Hybrid,0.3,3,3,4,4,3,3.4,3,3,3,4,3,3.2,4,0
R0257,39,Nữ,Thạc sĩ,11,40.1,Hybrid,6.2,2,3,1,2,2,2.0,3,3,3,2,3,2.8,4,0
R0258,35,Nam,THPT,14,33.0,Văn phòng,15.6,4,3,3,2,2,2.8,3,1,3,2,2,2.2,2,1
R0259,34,Nam,Tiến sĩ,5,47.0,Văn phòng,0.3,3,3,3,2,4,3.0,4,4,3,3,3,3.4,4,0
R0260,60,Nam,Đại học,12,54.6,Remote,2.4,4,4,4,4,3,3.8,4,4,5,4,3,4.0,3,1
R0261,33,Nam,Đại học,12,34.7,Remote,3.5,4,3,3,3,2,3.0,4,3,3,3,4,3.4,2,1
R0262,32,Nữ,Đại học,17,44.3,Văn phòng,6.7,3,3,3,2,2,2.6,4,4,3,5,4,4.0,3,0
R0263,32,Nam,Thạc sĩ,8,28.4,Văn phòng,0.7,4,5,3,3,3,3.6,5,4,4,3,3,3.8,3,0
R0264,28,Nữ,Đại học,8,39.6,Hybrid,1.8,3,5,4,4,4,4.0,5,4,5,4,4,4.4,4,0
R0265,42,Nữ,Thạc sĩ,18,46.8,Hybrid,7.2,3,4,4,4,4,3.8,4,3,4,3,3,3.4,4,0
R0266,30,Nữ,Đại học,5,53.0,Hybrid,2.9,2,2,3,2,3,2.4,1,2,2,2,2,1.8,3,0
R0267,39,Nữ,Tiến sĩ,23,56.9,Remote,0.7,4,3,4,4,4,3.8,4,4,3,4,4,3.8,2,1
R0268,36,Nam,Thạc sĩ,36,61.4,Văn phòng,8.1,2,2,1,1,2,1.6,4,4,4,3,5,4.0,1,1
R0269,44,Nữ,THPT,13,37.2,Hybrid,11.0,4,3,3,4,3,3.4,3,3,3,3,3,3.0,4,0
R0270,37,Nữ,Đại học,15,40.0,Văn phòng,5.4,4,3,4,4,4,3.8,2,3,2,2,1,2.0,3,0
R0271,23,Nữ,Thạc sĩ,5,25.7,Remote,14.5,4,4,5,5,4,4.4,2,2,2,2,3,2.2,3,0
R0272,22,Nam,THPT,7,33.9,Hybrid,10.4,4,3,4,4,4,3.8,4,3,3,2,3,3.0,4,0
R0273,46,Nữ,Thạc sĩ,17,31.0,Văn phòng,0.5,2,4,4,4,4,3.6,3,3,3,3,3,3.0,3,0
R0274,28,Nam,Đại học,12,44.0,Hybrid,2.1,3,1,2,3,3,2.4,3,4,4,4,3,3.6,4,0
R0275,22,Nữ,Thạc sĩ,9,34.6,Hybrid,3.6,3,4,3,3,4,3.4,2,2,2,2,1,1.8,3,0
R0276,27,Nam,THPT,11,32.0,Văn phòng,5.3,4,3,4,4,4,3.8,3,3,3,4,4,3.4,3,0
R0277,45,Nữ,Đại học,13,38.6,Hybrid,3.1,4,5,4,5,3,4.2,1,1,1,1,1,1.0,4,0
R0278,22,Nữ,THPT,9,30.7,Remote,4.2,4,4,4,4,3,3.8,2,1,2,2,2,1.8,5,0
R0279,26,Nữ,Đại học,10,43.0,Văn phòng,0.5,2,2,2,1,2,1.8,4,3,4,3,3,3.4,3,1
R0280,27,Nam,Đại học,10,42.8,Văn phòng,2.1,3,3,3,3,3,3.0,5,4,4,3,4,4.0,2,1
R0281,22,Nữ,Đại học,6,36.8,Văn phòng,0.3,4,4,4,4,4,4.0,3,4,4,4,3,3.6,4,0
R0282,23,Nữ,Tiến sĩ,12,35.3,Hybrid,4.2,3,4,3,3,3,3.2,4,3,3,3,3,3.2,3,0
R0283,22,Nữ,Thạc sĩ,25,34.3,Văn phòng,0.7,3,4,3,3,3,3.2,3,3,2,4,3,3.0,5,0
R0284,29,Nam,Thạc sĩ,24,49.1,Văn phòng,2.1,3,3,2,4,3,3.0,3,3,4,4,3,3.4,1,0
R0285,30,Nữ,THPT,5,40.8,Remote,2.8,4,3,4,4,3,3.6,3,3,2,3,4,3.0,5,0
R0286,27,Nữ,Đại học,13,45.1,Văn phòng,4.4,2,3,2,2,2,2.2,3,3,3,2,3,2.8,3,1
R0287,22,Nam,Tiến sĩ,14,39.2,Văn phòng,5.8,3,4,3,3,4,3.4,4,4,5,4,3,4.0,2,1
R0288,45,Nữ,Đại học,8,38.2,Hybrid,5.0,3,4,4,4,4,3.8,4,4,5,4,3,4.0,3,1
R0289,22,Nam,Thạc sĩ,6,50.8,Văn phòng,3.4,2,3,3,2,2,2.4,4,3,5,4,4,4.0,3,1
R0290,36,Nam,THPT,5,34.2,Hybrid,3.0,4,3,3,3,3,3.2,2,1,1,1,1,1.2,3,0
R0291,24,Nữ,THPT,8,37.4,Hybrid,7.8,3,3,3,2,3,2.8,3,3,4,3,4,3.4,3,0
R0292,40,Nữ,THPT,12,47.1,Hybrid,8.1,3,3,3,4,4,3.4,4,3,3,3,4,3.4,3,0
R0293,42,Nữ,THPT,9,42.6,Remote,0.3,2,3,2,2,3,2.4,3,4,3,3,3,3.2,4,0
R0294,26,Nam,Tiến sĩ,7,23.2,Văn phòng,1.3,2,4,3,4,3,3.2,2,3,2,2,2,2.2,4,0
R0295,22,Nữ,Đại học,5,25.5,Văn phòng,10.2,2,3,3,2,3,2.6,3,3,4,3,3,3.2,3,0
R0296,40,Nữ,Tiến sĩ,12,35.8,Văn phòng,3.6,4,3,4,4,3,3.6,4,3,4,3,4,3.6,3,0
R0297,50,Nam,Thạc sĩ,17,49.9,Remote,0.6,3,4,4,3,3,3.4,3,2,2,3,3,2.6,3,0
R0298,37,Nữ,Đại học,6,44.7,Văn phòng,0.3,3,3,3,3,2,2.8,3,3,3,3,3,3.0,2,1
R0299,35,Nam,Tiến sĩ,12,45.3,Hybrid,0.4,4,5,4,4,4,4.2,2,2,3,2,3,2.4,3,0
R0300,41,Nam,Thạc sĩ,5,44.0,Remote,5.9,3,3,2,2,3,2.6,3,3,3,2,2,2.6,3,0
R0301,40,Nữ,Đại học,7,31.8,Hybrid,1.0,3,3,3,3,4,3.2,3,3,2,3,4,3.0,4,0
R0302,26,Nữ,Đại học,14,46.5,Remote,1.1,5,4,4,4,3,4.0,3,3,3,3,3,3.0,1,0
R0303,28,Nam,Thạc sĩ,6,31.9,Văn phòng,0.6,2,2,3,3,2,2.4,3,2,1,2,2,2.0,3,0
R0304,39,Nam,THPT,7,47.2,Hybrid,3.7,3,3,3,3,2,2.8,4,4,3,3,3,3.4,3,0
R0305,32,Nữ,Đại học,20,39.4,Hybrid,2.9,3,3,3,2,3,2.8,2,3,2,3,2,2.4,3,0
R0306,45,Nữ,THPT,7,41.9,Hybrid,1.3,3,1,2,3,2,2.2,3,3,3,4,4,3.4,5,0
R0307,27,Nữ,Đại học,7,24.6,Hybrid,4.3,4,4,3,5,4,4.0,5,3,3,4,4,3.8,5,0
R0308,40,Nam,Tiến sĩ,13,30.6,Văn phòng,6.0,3,3,3,4,2,3.0,3,3,4,4,5,3.8,3,0
R0309,37,Nam,Đại học,27,54.3,Văn phòng,15.6,2,2,2,3,2,2.2,3,3,3,3,3,3.0,4,1
R0310,32,Nữ,Đại học,9,45.7,Văn phòng,2.6,3,2,2,2,2,2.2,4,3,2,4,3,3.2,4,0
R0311,44,Nữ,Đại học,15,32.3,Văn phòng,2.1,3,4,4,4,4,3.8,3,3,4,4,3,3.4,3,0
R0312,40,Nữ,Đại học,20,53.8,Remote,1.4,3,4,4,4,4,3.8,3,4,4,4,3,3.6,2,0
R0313,24,Nữ,Đại học,12,32.4,Văn phòng,6.1,3,4,4,4,4,3.8,2,2,2,2,3,2.2,4,0
R0314,39,Nữ,Đại học,9,40.4,Hybrid,14.3,3,2,2,2,3,2.4,5,4,3,3,3,3.6,2,1
R0315,46,Nữ,THPT,6,35.5,Hybrid,3.7,2,2,3,2,3,2.4,3,3,3,3,3,3.0,4,0
R0316,32,Nữ,THPT,5,31.6,Văn phòng,4.1,4,3,3,4,3,3.4,1,3,2,3,2,2.2,3,0
R0317,31,Nữ,Thạc sĩ,17,51.9,Hybrid,4.7,5,4,4,4,3,4.0,3,4,4,4,4,3.8,1,1
R0318,27,Nữ,THPT,11,54.3,Hybrid,2.2,3,3,3,3,3,3.0,3,2,3,4,3,3.0,4,1
R0319,33,Nữ,Đại học,19,44.6,Văn phòng,1.0,5,4,3,4,4,4.0,2,3,2,3,2,2.4,2,0
R0320,40,Nữ,Đại học,16,54.5,Hybrid,1.2,3,3,3,3,2,2.8,4,4,3,4,4,3.8,1,1
R0321,26,Nam,Đại học,7,37.4,Văn phòng,3.8,4,5,5,5,4,4.6,3,2,2,3,2,2.4,3,0
R0322,22,Nam,Đại học,6,40.2,Văn phòng,4.1,1,3,2,2,1,1.8,3,2,3,3,4,3.0,2,1
R0323,30,Nam,Đại học,12,42.2,Hybrid,2.5,5,5,5,5,4,4.8,5,5,4,4,4,4.4,5,0
R0324,22,Nữ,Đại học,7,30.3,Văn phòng,0.3,2,2,1,2,1,1.6,2,3,2,1,2,2.0,3,0
R0325,38,Nam,Đại học,12,45.1,Remote,8.4,3,5,5,4,5,4.4,3,4,3,3,4,3.4,5,0
R0326,30,Nữ,Đại học,7,45.3,Văn phòng,1.1,2,4,3,3,3,3.0,4,3,4,3,4,3.6,1,0
R0327,22,Nam,THPT,6,37.9,Hybrid,3.5,2,2,3,4,4,3.0,5,4,4,4,4,4.2,5,0
R0328,30,Nữ,THPT,9,26.7,Hybrid,5.4,2,3,3,3,3,2.8,4,4,5,3,4,4.0,4,0
R0329,32,Nữ,Đại học,16,45.2,Văn phòng,0.8,2,2,2,2,2,2.0,3,3,3,2,3,2.8,2,1
R0330,38,Nữ,Thạc sĩ,12,29.0,Hybrid,2.6,4,4,5,4,4,4.2,3,3,4,2,2,2.8,4,0
R0331,32,Nam,Thạc sĩ,18,36.4,Hybrid,0.3,3,5,4,4,3,3.8,3,3,3,2,3,2.8,4,0
R0332,50,Nữ,Tiến sĩ,5,40.1,Remote,0.3,3,4,3,3,4,3.4,2,2,2,2,2,2.0,3,0
R0333,29,Nữ,Đại học,6,33.1,Văn phòng,1.2,4,4,3,4,4,3.8,2,2,2,2,3,2.2,4,0
R0334,33,Nữ,Đại học,10,42.5,Hybrid,4.3,3,3,3,1,3,2.6,5,4,5,5,5,4.8,3,1
R0335,33,Nữ,Đại học,29,44.4,Hybrid,8.7,4,5,3,3,4,3.8,3,3,3,4,3,3.2,3,0
R0336,31,Nữ,Thạc sĩ,14,28.7,Hybrid,2.2,5,3,4,3,3,3.6,1,2,1,2,2,1.6,4,0
R0337,35,Nam,Thạc sĩ,6,40.6,Hybrid,0.3,2,2,2,2,3,2.2,3,3,3,4,3,3.2,4,1
R0338,38,Nữ,Đại học,10,45.2,Văn phòng,1.4,3,3,3,3,4,3.2,5,4,3,4,3,3.8,2,0
R0339,46,Nam,Đại học,11,48.9,Văn phòng,12.6,2,2,3,3,3,2.6,4,4,5,4,5,4.4,4,1
R0340,22,Nữ,Đại học,8,37.0,Hybrid,0.5,2,3,3,3,2,2.6,1,1,2,2,1,1.4,3,0
R0341,29,Nữ,Thạc sĩ,14,41.2,Văn phòng,5.6,3,4,3,4,3,3.4,4,4,2,3,3,3.2,5,0
R0342,29,Nam,Đại học,9,28.2,Hybrid,5.5,2,3,3,2,3,2.6,2,1,1,2,1,1.4,3,0
R0343,42,Nam,THPT,9,55.9,Hybrid,3.6,2,3,2,2,2,2.2,3,4,4,4,3,3.6,5,0
R0344,30,Nữ,Đại học,19,55.2,Văn phòng,10.7,4,3,3,3,3,3.2,2,1,2,2,1,1.6,3,0
R0345,22,Nữ,Thạc sĩ,5,38.7,Văn phòng,4.1,3,3,2,2,3,2.6,1,2,3,2,3,2.2,5,0
R0346,34,Nam,Thạc sĩ,6,38.3,Văn phòng,13.6,4,4,4,4,4,4.0,3,5,4,3,4,3.8,2,0
R0347,33,Nam,Đại học,7,20.0,Văn phòng,7.0,3,3,2,2,2,2.4,3,3,4,3,4,3.4,3,0
R0348,35,Nam,Đại học,7,47.9,Hybrid,6.3,3,3,2,4,2,2.8,3,2,3,3,3,2.8,2,1
R0349,24,Nữ,Đại học,7,44.1,Hybrid,12.1,5,4,4,4,4,4.2,4,4,5,4,3,4.0,3,1
R0350,49,Nữ,Đại học,13,47.9,Remote,3.8,4,4,4,5,5,4.4,5,4,4,5,3,4.2,4,0
