"lhs","op","rhs","label","est","se","z","pvalue","ci.lower","ci.upper","std.lv","std.all","std.nox"
"Job_Satisfaction","=~","js_q1","",0.738672435237489,0.0468466683106062,15.7678755368448,0,0.646854652553007,0.830490217921971,0.738672435237489,0.748008940981495,0.748008940981495
"Job_Satisfaction","=~","js_q2","",0.706535833953315,0.0427575535239285,16.524234333424,0,0.622732568979372,0.790339098927259,0.706535833953315,0.773056831989896,0.773056831989896
"Job_Satisfaction","=~","js_q3","",0.762680186265737,0.0422460735269008,18.0532798102548,0,0.679879403664781,0.845480968866694,0.762680186265737,0.820974919685985,0.820974919685985
"Job_Satisfaction","=~","js_q4","",0.760920584805948,0.0429798855461834,17.7041091463194,0,0.676681557075775,0.845159612536121,0.760920584805948,0.81033267845501,0.81033267845501
"Job_Satisfaction","=~","js_q5","",0.700903590703893,0.0418447441406,16.750098610923,0,0.618889399246024,0.782917782161763,0.700903590703893,0.78035631757822,0.78035631757822
"Burnout","=~","bo_q1","",0.863264427658693,0.0448290932411594,19.2567898488318,0,0.775401019446433,0.951127835870954,0.868140177921448,0.847215048347448,0.847215048347448
"Burnout","=~","bo_q2","",0.832728593688854,0.0440728816856984,18.8943532131023,0,0.74634733288999,0.919109854487718,0.837431876402,0.837005366496057,0.837005366496057
"Burnout","=~","bo_q3","",0.867354728743354,0.0450508547698264,19.2527918321381,0,0.77905667592175,0.955652781564958,0.87225358118193,0.847103432000349,0.847103432000349
"Burnout","=~","bo_q4","",0.841582432885189,0.044639628980458,18.8528097590957,0,0.754090367800261,0.929074497970117,0.846335722418268,0.835823167928253,0.835823167928253
"Burnout","=~","bo_q5","",0.786174119693546,0.0432793937948162,18.1650908379338,0,0.70134806658298,0.871000172804112,0.790614460970045,0.815882646081463,0.815882646081463
"Burnout","~","Job_Satisfaction","a",-0.0542016199128311,0.059068584112895,-0.91760486097378,0.358825772083048,-0.16997391739188,0.061570677566218,-0.053897206444531,-0.053897206444531,-0.053897206444531
"Burnout","~","age","",-0.00297374249514355,0.006778301007542,-0.438715024876404,0.660868038840058,-0.0162589683462974,0.0103114833560103,-0.00295704101522037,-0.0243978116326202,-0.00295704101522037
"Burnout","~","gender_num","",0.164466218120343,0.113945731258104,1.44337322955786,0.14891536111501,-0.058863311337622,0.387795747578307,0.163542523737099,0.0807921551947315,0.163542523737099
"Burnout","~","education_dh","",0.0709050949827525,0.158211918014881,0.448165320744569,0.654033888759617,-0.239184566251418,0.380994756216923,0.0705068695068616,0.0352482542762611,0.0705068695068616
"Burnout","~","education_ts","",0.0464888442100433,0.178461410987075,0.260498020008428,0.794479642412996,-0.303289093954824,0.396266782374911,0.0462277481334685,0.0198228956082059,0.0462277481334685
"Burnout","~","education_tien","",-0.0327820455157481,0.237786718766193,-0.137863231747529,0.890348509684798,-0.49883545029944,0.433271359267944,-0.0325979311629027,-0.00898614680121344,-0.0325979311629027
"Burnout","~","tenure_years","",0.00360590365887662,0.0155399273211354,0.232041217720004,0.816506000223888,-0.0268517942129187,0.0340636015306719,0.00358565176159163,0.0128980529619368,0.00358565176159163
"turnover_intent","~","Job_Satisfaction","c_prime",-0.187743487912325,0.0220689990011511,-8.50711388869663,0,-0.230997931129431,-0.144489044695218,-0.187743487912325,-0.415082672713626,-0.415082672713626
"turnover_intent","~","Burnout","b",0.171218931275021,0.021678687734495,7.89803023928327,2.88657986402541e-15,0.128729484083321,0.213708378466722,0.172185982299488,0.380686534225193,0.380686534225193
"turnover_intent","~","age","",0.00228046996646729,0.00242867030754615,0.93897881461375,0.347741621548419,-0.00247963636664497,0.00704057629957955,0.00228046996646729,0.0415994515683286,0.00504189827967001
"turnover_intent","~","gender_num","",0.0234383003008078,0.0408924372091013,0.57316956142666,0.566529891757882,-0.0567094038690963,0.103586004470712,0.0234383003008078,0.0255996681115421,0.051819812452122
"turnover_intent","~","education_dh","",0.0866887830353998,0.0566878522874188,1.52923032955756,0.126207354248836,-0.0244173658088675,0.197794931879667,0.0866887830353998,0.0958161704261838,0.191660505281703
"turnover_intent","~","education_ts","",0.0884651368979642,0.0639360802666655,1.38364967838179,0.166465748950352,-0.0368472777373623,0.213777551533291,0.0884651368979642,0.0838699206085141,0.195587851668826
"turnover_intent","~","education_tien","",0.160275567467715,0.0851865896013895,1.88146477300813,0.0599087228963817,-0.006687080116803,0.327238215052232,0.160275567467715,0.0976833435773136,0.354353760308641
"turnover_intent","~","tenure_years","",0.00690401091138693,0.00556731110566226,1.24009791807129,0.21493917894415,-0.00400771834644097,0.0178157401692148,0.00690401091138693,0.0549069397530867,0.0152640996149001
"js_q1","~~","js_q1","",0.429555208303143,0.0382665794504796,11.2253359059444,0,0.354554090768662,0.504556325837623,0.429555208303143,0.440482624211742,0.440482624211742
"js_q2","~~","js_q2","",0.336113000246497,0.0308959551824556,10.8788674200745,0,0.275558040820921,0.396667959672074,0.336113000246497,0.402383134513746,0.402383134513746
"js_q3","~~","js_q3","",0.281347454165073,0.028304003140644,9.94020007583533,0,0.225872627391102,0.336822280939044,0.281347454165073,0.32600018124659,0.32600018124659
"js_q4","~~","js_q4","",0.302763043226008,0.0297151765678656,10.1888354098969,0,0.244522367358743,0.361003719093273,0.302763043226008,0.343360950227929,0.343360950227929
"js_q5","~~","js_q5","",0.315468727957103,0.0293120095154856,10.7624394632664,0,0.258018244992256,0.37291921092195,0.315468727957103,0.391044017615761,0.391044017615761
"bo_q1","~~","bo_q1","",0.296340103848289,0.02865516918981,10.3415932352502,0,0.24017700426536,0.352503203431219,0.296340103848289,0.282226661853631,0.282226661853631
"bo_q2","~~","bo_q2","",0.299727245069798,0.0283395271066876,10.5762966312542,0,0.244182792601794,0.355271697537803,0.299727245069798,0.299422016456802,0.299422016456802
"bo_q3","~~","bo_q3","",0.299434331167787,0.0289467208292369,10.3443264932914,0,0.242699800871947,0.356168861463627,0.299434331167787,0.282415775493229,0.282415775493229
"bo_q4","~~","bo_q4","",0.309029010832253,0.0291492993432794,10.6015931015337,0,0.251897433944848,0.366160587719658,0.309029010832253,0.301399631954379,0.301399631954379
"bo_q5","~~","bo_q5","",0.313947203420413,0.0285959936658952,10.9787128605655,0,0.257900085733123,0.369994321107703,0.313947203420413,0.33433550782311,0.33433550782311
"turnover_intent","~~","turnover_intent","",0.133120218799544,0.0105770057997655,12.5858131610834,0,0.112389668367732,0.153850769231356,0.133120218799544,0.650703987101535,0.650703987101535
"Job_Satisfaction","~~","Job_Satisfaction","",1,0,NA,NA,1,1,1,1,1
"Burnout","~~","Burnout","",1,0,NA,NA,1,1,0.988798909421868,0.988798909421868,0.988798909421868
"age","~~","age","",68.074906122449,0,NA,NA,68.074906122449,68.074906122449,68.074906122449,1,68.074906122449
"age","~~","gender_num","",-0.0602938775510204,0,NA,NA,-0.0602938775510204,-0.0602938775510204,-0.0602938775510204,-0.0147924868198291,-0.0602938775510204
"age","~~","education_dh","",0.262889795918367,0,NA,NA,0.262889795918367,0.262889795918367,0.262889795918367,0.063734417870564,0.262889795918367
"age","~~","education_ts","",-0.140979591836735,0,NA,NA,-0.140979591836735,-0.140979591836735,-0.140979591836735,-0.0398472512179407,-0.140979591836735
"age","~~","education_tien","",0.0622204081632653,0,NA,NA,0.0622204081632653,0.0622204081632653,0.0622204081632653,0.0273562056187154,0.0622204081632653
"age","~~","tenure_years","",0.18857306122449,0,NA,NA,0.18857306122449,0.18857306122449,0.18857306122449,0.00635374935245565,0.18857306122449
"gender_num","~~","gender_num","",0.244048979591837,0,NA,NA,0.244048979591837,0.244048979591837,0.244048979591837,1,0.244048979591837
"gender_num","~~","education_dh","",-0.0150530612244898,0,NA,NA,-0.0150530612244898,-0.0150530612244898,-0.0150530612244898,-0.0609509037754927,-0.0150530612244898
"gender_num","~~","education_ts","",0.0230204081632653,0,NA,NA,0.0230204081632653,0.0230204081632653,0.0230204081632653,0.108670124863924,0.0230204081632653
"gender_num","~~","education_tien","",0.00210612244897959,0,NA,NA,0.00210612244897959,0.00210612244897959,0.00210612244897959,0.0154654174929885,0.00210612244897959
"gender_num","~~","tenure_years","",-0.0984669387755102,0,NA,NA,-0.0984669387755102,-0.0984669387755102,-0.0984669387755102,-0.0554109876388368,-0.0984669387755102
"education_dh","~~","education_dh","",0.249926530612245,0,NA,NA,0.249926530612245,0.249926530612245,0.249926530612245,1,0.249926530612245
"education_dh","~~","education_ts","",-0.123510204081633,0,NA,NA,-0.123510204081633,-0.123510204081633,-0.123510204081633,-0.576145671697148,-0.123510204081633
"education_dh","~~","education_tien","",-0.0421387755102041,0,NA,NA,-0.0421387755102041,-0.0421387755102041,-0.0421387755102041,-0.305768160432879,-0.0421387755102041
"education_dh","~~","tenure_years","",-0.0689322448979592,0,NA,NA,-0.0689322448979592,-0.0689322448979592,-0.0689322448979592,-0.0383318866041625,-0.0689322448979592
"education_ts","~~","education_ts","",0.183877551020408,0,NA,NA,0.183877551020408,0.183877551020408,0.183877551020408,1,0.183877551020408
"education_ts","~~","education_tien","",-0.0201224489795918,0,NA,NA,-0.0201224489795918,-0.0201224489795918,-0.0201224489795918,-0.170228788619701,-0.0201224489795918
"education_ts","~~","tenure_years","",0.0388244897959184,0,NA,NA,0.0388244897959184,0.0388244897959184,0.0388244897959184,0.0251701239639412,0.0388244897959184
"education_tien","~~","education_tien","",0.0759918367346939,0,NA,NA,0.0759918367346939,0.0759918367346939,0.0759918367346939,1,0.0759918367346939
"education_tien","~~","tenure_years","",-0.0239640816326531,0,NA,NA,-0.0239640816326531,-0.0239640816326531,-0.0239640816326531,-0.0241669182079348,-0.0239640816326531
"tenure_years","~~","tenure_years","",12.9393391020408,0,NA,NA,12.9393391020408,12.9393391020408,12.9393391020408,1,12.9393391020408
"indirect",":=","a*b","indirect",-0.00928034343484985,0.0101022275838445,-0.918643275240695,0.358282188857751,-0.0290803456628122,0.0105196587931126,-0.00928034343484985,-0.0205179407257883,-0.0205179407257883
"total",":=","c_prime+(a*b)","total",-0.197023831347174,0.0240113565999422,-8.20544355863876,2.22044604925031e-16,-0.244085225503009,-0.14996243719134,-0.197023831347174,-0.435600613439414,-0.435600613439414
