obs_index,Intercept,treatment[T.Phác đồ B],sex[T.Nữ],age,bmi,diabetes,hypertension,smoking,egfr,hba1c,crp,max_abs_dfbeta,flagged
0,0.028709292911554506,0.040382619720372576,-0.027720445008185286,-0.0054146329922059614,-0.06570596401819222,-0.03955081503194803,0.04775828108231327,0.04112502325468041,-0.02604727437930752,-0.02025588834911622,0.05818017235055809,0.06570596401819222,False
1,0.0003579180415098633,0.06862422839696676,-0.051335954900019416,0.02399219866153589,-0.06639032514989368,0.05518734296108616,-0.05133567276296696,0.0743981196876445,-0.11642909579223294,0.10025393984833421,0.044565413283636224,0.11642909579223294,False
2,0.004052682948066503,-0.09097193795727326,0.0851833188306087,0.016833439149969768,-0.10284638591166341,0.07542007535227138,0.09122091725461809,0.06647268119093337,-0.07959335650469401,0.05765668998759393,0.011679505220949364,0.10284638591166341,False
3,0.034824568918281125,-0.0746819774120045,-0.04962549652300943,0.02813178514984141,-0.030172518392603234,0.08049203975630437,0.10780941668483941,-0.07995775637153142,-0.024956454351418956,-0.04420630178748874,0.05144533182491567,0.10780941668483941,False
4,0.09508747982338868,-0.10056582068964032,-0.09076303582289122,-0.18003593466114132,-0.1225344355618512,-0.07577951724457545,0.10760655230766143,-0.0790256847492687,0.17135356470309507,0.040211827788886115,0.04880049743606562,0.18003593466114132,True
5,0.005100701741092526,0.04438335620145831,-0.04929195486078451,0.010577982153367027,0.04821704577166138,0.04575685752572205,0.032211944581798164,0.02354157470235619,-0.061611038021915095,-0.05535155871677028,-0.025630466609524193,0.061611038021915095,False
6,0.043066052371481096,0.05082103969770045,0.042077944509537495,-0.014650810450701126,-0.017684140400467983,0.04524443604211716,-0.05114201086450293,0.05297346955160688,-0.07728310606910248,-0.053556688465773127,-0.007459663466220111,0.07728310606910248,False
7,-0.03616086510214576,0.0777979439852386,-0.07088095797753016,0.06885948413005129,0.09630187459180796,0.07231338809494042,-0.06085620729670574,-0.08282348263531103,-0.06120348655183977,-0.003916107949678595,-0.023041805741998128,0.09630187459180796,False
8,0.00519921715513658,0.057955588731824575,-0.06718814780932258,0.04100750243181224,0.02398971673138234,0.0685791136540394,0.04938158063633924,-0.07191715194456269,-0.05032620556860337,-0.041613740300729826,-0.04254888832597359,0.07191715194456269,False
9,-0.03468983148839285,0.09306025847788349,0.09330010872906391,-0.09359476441286999,0.09594555836885121,-0.08455608297455214,0.09179425895868115,-0.08698846625114554,-0.0033544828290919576,0.04482143955113881,-0.006318125549241911,0.09594555836885121,False
10,-0.08223649625438717,0.08783699567177274,0.07716317939237259,-0.04655205468696828,0.020057934708584645,0.0907864514312568,0.08662921518104136,0.053913314835683186,-0.12775465439158476,0.11229024907172584,0.035897786856088076,0.12775465439158476,False
11,-0.11940612086856038,0.10633279894115359,0.05320344928939363,0.07986916524996035,0.07891630042521221,0.11675359716998013,0.08024589325435551,-0.11268889824090712,0.14732733792200697,-0.09906064792015322,-0.024259987167467047,0.14732733792200697,True
12,0.0552134572836193,-0.0519764942495785,-0.04247972281613535,-0.011842516054258059,0.04852506514842644,-0.06140960807640748,-0.06021493998947573,0.06457043942841315,-0.017706562073315793,-0.06426805092679881,-0.03467510326286016,0.06457043942841315,False
13,0.11538639478572661,0.08454332648768076,-0.1217804822997609,-0.12140943399464649,-0.07103717976771175,0.11084651991912882,0.0966942765238289,-0.10478598500450366,-0.031001555027407087,0.03144586185998147,-0.13083052823598604,0.13083052823598604,False
14,0.020720822783279386,0.08984417935219435,0.04563708776925568,-0.06461277580651355,-0.07231278708139302,0.11706201268093827,0.09490787430360156,-0.1250890922515088,-0.10109098218803152,0.11180306549650387,-0.08922177797362575,0.1250890922515088,False
15,-0.18055630764152897,-0.09662381116996362,0.08061096124786904,-0.0333467770993708,0.17643977308362105,0.10352039165731833,-0.14185350409665753,0.07890961986052404,-0.044761711497304575,0.17624692947270104,0.013636144233562585,0.18055630764152897,True
16,0.003304104124875879,0.06485723044097383,-0.07369273684118349,-0.004609470638609738,0.07824294353031841,-0.07791119722551797,-0.09418147518266101,0.07225549881110993,-0.03844619898698359,0.0434985875965417,-0.10936303767308457,0.10936303767308457,False
17,-0.043494811307611916,0.04702027063002322,0.046547488775558386,0.07613333173316236,0.05945386499228178,-0.0511535718353742,0.03104044738188551,0.03895892989100655,-0.06617418355220174,-0.00923361713628859,-0.04487503031152524,0.07613333173316236,False
18,0.009447467076538782,0.08851157961557582,0.10412051700522454,-0.15691580107402492,0.03911020257207902,0.07947036870784346,0.11804609602256602,0.10112063098823863,0.06803157900669768,-0.16357967664276715,0.1366459507850306,0.16357967664276715,True
19,-0.11173170806630622,-0.06972063909182642,0.0926905492740763,0.004387078927931123,0.10801041115371587,-0.07652724148231178,0.05591315935706862,0.073662909509166,0.00798528523101236,0.019138776249648957,0.08140628514204255,0.11173170806630622,False
20,0.011772943235673876,-0.08132901579609335,-0.03995782869046703,0.08908764867892766,-0.08293452730971809,-0.07574938538109267,0.09260495711365481,-0.06976082547168945,-0.0067061630543240654,0.07563812936138134,0.00014183972654433334,0.09260495711365481,False
21,-0.01587983341369447,0.04065613667484897,0.048368359411621445,0.06942162094092591,0.034022944341373026,-0.04368450313920624,-0.031881316454216546,-0.03740546673367652,-0.07050135650996768,-0.031179858037597263,0.03125783357105711,0.07050135650996768,False
22,0.07481413645119604,0.05478826284896087,-0.07396632676213756,0.06836103517965245,-0.02567551316781733,0.05537834492682792,-0.050963122366459855,-0.0581080886910301,-0.02227970770944491,-0.06727872387306391,-0.11828169378634763,0.11828169378634763,False
23,0.08997341431964917,-0.08717885763926093,0.056369450446900705,-0.03845522675567741,-0.12466594659767838,-0.07646323839390494,-0.09171656830797209,-0.057383236822958414,0.12749938982499562,-0.03174744145390514,-0.03478453996359769,0.12749938982499562,False
24,-0.004890477740321463,0.06337211093679157,-0.057665801295930484,-0.05605899130640116,0.07160781434933504,-0.027054761389868696,0.04379843959086993,-0.061837035034229444,-0.030346679814903868,-0.030885283480323423,0.0432289768252266,0.07160781434933504,False
25,-0.02899804902721379,-0.03995335924046543,-0.03275939048145124,0.0782022425870358,0.04566456424084957,-0.042485145252722886,-0.04683245509247569,-0.04989848700774176,-0.06187822049443509,0.013485513909503154,0.039549690155123905,0.0782022425870358,False
26,0.0847740395762623,0.049633770291003215,-0.07465928642837345,-0.08707291064286987,-0.05478400072704083,-0.03945916886236554,0.03069428798632201,0.0457926846279567,-0.032694327743650484,0.004594455338583623,-0.07564077922895582,0.08707291064286987,False
27,-0.01445507636404903,0.07242726677493383,-0.06394730003337391,-0.03465010781616612,0.07613716835737036,0.06938938497198098,0.07423307793680956,0.05335767555687977,-0.0910738929951655,-0.0004709515036805079,-0.006693949708639274,0.0910738929951655,False
28,0.10335966252287634,-0.06939623590283864,-0.08356928897365673,-0.11460813924921777,-0.08910982224765335,0.09211258241479958,-0.050602130870400164,-0.07902302993236718,-0.044310055793478485,-0.012918657547753778,0.09611075631541804,0.11460813924921777,False
29,0.05716514015739196,0.0832379662796628,-0.13325448597637757,-0.0687582691583585,0.0373902649969455,0.10021626954212434,-0.09392754356696761,-0.08541789952152044,0.05781245346220432,-0.08020670567705254,-0.108837224037274,0.13325448597637757,False
30,0.057260233511065795,-0.07278163042921777,0.025563251691719004,-0.12173204523948725,0.09404036114009336,-0.07400802004090883,-0.13223980753274403,0.09559876832252129,0.12374332871577652,-0.1207210437980374,-0.11244482171153976,0.13223980753274403,False
31,-0.030220803680164977,0.07943915565637613,-0.056903888380959396,-0.03444650398974017,-0.043450694591143084,-0.08817595121417263,0.08034435391532779,0.08629040922168729,0.016397517894721707,0.10932685920310635,0.024412053321845522,0.10932685920310635,False
32,0.026714633266113893,0.10156380753453936,0.02632382620591643,-0.13944500443804092,-0.03802377572552014,-0.05687884292039732,0.05396665354770653,-0.09774181686425551,0.16888630062688362,0.019497733491179614,-0.13813147200079623,0.16888630062688362,True
33,-0.023330631107645543,0.05422192295373662,-0.0395261177231489,0.07816387524200646,0.03039173019292771,-0.07623439079424053,-0.06438814705474731,0.06503298995303318,-0.04750189981279484,0.03634753234529319,-0.03445089132248168,0.07816387524200646,False
34,-0.029304045848543844,0.09072301470821324,0.03746933480952077,0.08676411094934314,-0.042399051721580275,0.09861042028513632,-0.09981139935021621,-0.103760331248241,0.047549792695288876,0.03250465689793881,-0.13469681752454338,0.13469681752454338,False
35,-0.0676607400683433,0.04830795013524372,0.05702580905393891,0.08317799603255895,0.07375294239822335,-0.051122945932296875,0.037411272120747234,0.039052910317049466,-0.05948448730768553,-0.0220266761290849,0.01373071581339847,0.08317799603255895,False
36,-0.1272298563715781,-0.07573202140483391,-0.09916241663727939,0.10028326773113017,0.014254216717378839,0.10632142144156814,0.06159761364523228,0.059798661886296636,0.12149163686179337,0.04041551590016401,-0.017961142351970553,0.1272298563715781,False
37,-0.05168480343025165,0.06710633623523773,0.09012579225947163,0.1005458594515246,0.05413702395782281,0.05034063162488704,0.08562689716853258,0.07056243542244933,-0.02195127947283079,-0.08777768130906313,-0.0185319822038439,0.1005458594515246,False
38,-0.030675288813562372,-0.03460776898155175,-0.030271868118453154,0.07422951650439694,0.04667822831433447,-0.032435742662713964,0.04210339135484745,-0.04931874027783934,-0.01543760706255735,-0.03899418386254082,0.03739225359420854,0.07422951650439694,False
39,0.018610220488894512,-0.06272885998303515,0.046451288104610786,-0.06503819323105571,0.08966396956150302,-0.06928093251396697,-0.09553942642504272,0.07557473158933455,0.000847967122148605,-0.05504252308792027,-0.025661686413783465,0.09553942642504272,False
40,-0.009693165272137108,-0.032608135033856775,-0.029446046755012424,0.01685223705510852,0.051682613651563375,-0.029070531214588625,0.04480758184474965,-0.04551419349130141,-0.012553472922483395,-0.06527213682829444,0.07402246645693666,0.07402246645693666,False
41,-0.12028641176120913,0.12435486653941048,-0.14691532463380366,-0.06444655613866565,0.13883307412495746,0.1508896048863857,0.06528296489889159,-0.13780354525697572,0.12462670265437069,0.001774566326538898,-0.010331300805149938,0.1508896048863857,True
42,0.010313925739738576,-0.04341705536744252,-0.019836870329123242,0.03391736743087775,0.05152914107832563,-0.05120103735064766,0.04196353645923624,0.048380160130593694,-0.039794133648118936,-0.05642778790662993,0.008100509339004048,0.05642778790662993,False
43,-0.0354531380426837,-0.08513677970516446,0.07150080611661629,0.0018826391516200604,0.015433904267963629,0.102558025449952,-0.08503308509704578,-0.09617105789583204,0.06289737161960755,-0.026796357618869625,0.05807068540288866,0.102558025449952,False
44,0.057637398241871605,0.0469585423107491,-0.04475815873329107,-0.030853964186977372,-0.010400983778155076,-0.06778271863761796,-0.05502006355616884,0.0642767069464448,-0.0749554663061593,0.017402221085322918,-0.024988655838424977,0.0749554663061593,False
45,0.047828050954160525,-0.07970227206880069,0.09693120801164673,-0.018894341818181008,0.03169233146668448,0.038461995612282814,-0.04279251693050861,0.08917268991987636,-0.05459812782713532,-0.1255438929359966,0.0841698410178217,0.1255438929359966,False
46,-0.026529028806279886,-0.05362121861611569,-0.02041482158662277,0.06543372413212277,0.0877081091939162,0.03729763711572723,-0.038078542249699227,0.06029385801788794,-0.047256200140035634,-0.0925266529937708,0.09613701582451951,0.09613701582451951,False
47,-0.05880226661244918,0.07952071903393021,0.09155232773539547,0.12336518982929354,0.03638279592960599,-0.08677627599427308,0.08179238285624232,-0.06877753219732141,0.08830926924755939,-0.04472495245661744,-0.06629279934620565,0.12336518982929354,False
48,0.04108221474246564,-0.0770177002695713,0.0495137999182774,-0.1338206489484289,0.03901446264559253,0.09167789210826079,0.06503923417530026,0.07404670211146427,0.05599001674824822,-0.13535989985562563,0.0024733915786390812,0.13535989985562563,False
49,-0.12769969881922963,-0.07795347559712959,-0.11416562131452873,-0.03814753449743854,0.09979949770977081,0.12154254563454434,0.05856324695627523,0.04873888731115714,-0.019763130844556526,0.15100995125026692,-0.008497665188162916,0.15100995125026692,True
50,0.006401200577924208,-0.055394049634822216,-0.04102468383547614,0.07485821025633485,-0.0916250001347957,-0.05514961854899065,0.05037357738581813,0.0620360539287292,0.08388494449384365,-0.04346089713058916,0.025693693302429727,0.0916250001347957,False
51,0.23334426827915491,-0.10112308310771367,0.06394098861419842,-0.12627917976946765,-0.1355602249476347,0.06816749214214729,-0.04799087090902444,-0.05337955675769278,-0.014242739963550452,-0.13393642080386683,-0.05791047926466141,0.23334426827915491,True
52,0.0896101027433035,0.0456049308323368,0.025410555116734086,-0.04009065177764262,-0.03167081684259187,-0.04549325007997043,-0.052402241121074215,-0.03900151577807471,-0.024550590472195682,-0.06379071340194387,-0.050714392604783005,0.0896101027433035,False
53,0.0955633685788382,0.06088018007909066,0.034393039178376245,-0.09370158594978018,-0.05174088180689034,-0.05724521040725008,-0.06971634053405927,-0.05609848541244848,-0.0405420446315887,-0.0031484552195788097,-0.04400399896733396,0.0955633685788382,False
54,-0.02058706454499995,0.07458324426603744,0.05514964701090519,-0.036763150493101436,-0.02198051600101277,-0.0724809697378407,0.04762183880508949,0.07246999936179856,0.023077678091020754,0.04444446679298109,-0.06137159157556921,0.07458324426603744,False
55,-0.06850779158715897,-0.0904543664901022,0.07897472491091283,0.08166797349170468,-0.032001377262115584,-0.08954483148841294,0.04847049411245901,0.07983131422117128,0.015839610900206243,0.1281866188378215,-0.10445812214631092,0.1281866188378215,False
56,0.020470300555028492,0.09158302293582728,-0.0997118842102422,-0.14321606574332987,0.09843181074953604,-0.05580791396209989,0.06496939476885917,-0.08705982623443012,0.012687179336897702,0.029720147099068832,-0.0549369807853597,0.14321606574332987,True
57,0.09715104052649723,0.03721629578303463,-0.041459404003416904,-0.049923200897596505,-0.045702585545769496,-0.04755727789786206,0.04348880437171434,0.05426009015078452,-0.006934651771529333,-0.07794161342095095,-0.03616870549603359,0.09715104052649723,False
58,-0.07529560465383871,-0.1313391729044896,0.13798863634866476,-0.013229454719168594,-0.05913490670490819,0.07368682957776641,-0.09794040240171152,0.13257849341719305,0.0844606990167062,0.13985298218530212,0.0553247151825626,0.13985298218530212,False
59,-0.0006448921089151942,0.04494675841473409,-0.04834484938799535,0.03178827636198353,0.022013015700284185,-0.04293141753295285,-0.0580955671686314,0.04178900936286766,-0.012258281894692321,-0.019598248333349607,-0.028840596660345726,0.0580955671686314,False
60,0.03173657958666157,-0.03494001605733573,-0.03389897560864402,-0.01946965883094732,0.019175490031145447,-0.027396673604635557,0.042924606321978136,-0.04472468135622635,-0.05934671368123004,-0.03194093943209178,0.04112948644716405,0.05934671368123004,False
61,-0.20500672243970786,-0.08298855228149536,0.09482343506706357,0.10671686503986048,0.1649117577370323,-0.08823276793003186,-0.12972285107705,-0.10347619369521774,0.04152600885173357,0.16028196442371698,0.0271418888766188,0.20500672243970786,True
62,0.020157210631547354,-0.06858438425254917,0.07476340553271749,-0.05401862898223914,-0.016317593956554192,-0.0571418158793381,0.07701732845426669,-0.06393215119893585,0.08940624637450614,-0.09117655249637797,0.08754088917072143,0.09117655249637797,False
63,0.06392841412736448,0.026017785873307615,-0.030993986735824007,-0.0017800606657252375,-0.03852156298995727,-0.02440081968533324,-0.022823439668083322,-0.02342632995583259,-0.03728826771242499,-0.04109768221135785,-0.008464477032883663,0.06392841412736448,False
64,0.038080666300829895,-0.027456903397730856,-0.021390427463706018,-0.00897530035277573,0.0046702136111197515,-0.02275209249990436,0.03746823822970221,-0.03200602521377567,-0.05819661261248183,-0.04456761690515034,0.04282853430024509,0.05819661261248183,False
65,-0.010459596888224119,0.06700979291225533,-0.06618571189312351,0.027563612416848682,-0.08009052085381965,0.06418495765439888,-0.05852414283845992,0.052199668558347775,-0.08092969368709417,0.07723885503955948,0.04381170943421879,0.08092969368709417,False
66,0.06581940217397357,-0.07744320124303557,0.08467291835904382,0.038494128083541114,-0.010395887528316656,-0.08551312650995195,-0.05091337264416925,-0.04213858550324445,-0.06786628274047365,-0.018844157922204154,-0.02327404911384962,0.08551312650995195,False
67,0.10316282938001996,-0.08643768719525696,0.08905595441824181,-0.1304133861485938,0.026439679990905917,-0.0899925360151782,-0.0670896275504632,-0.042143325125281586,0.0458473263131838,-0.11022295717102819,0.0587569589188995,0.1304133861485938,False
68,0.007816878475612738,0.09201923887711677,0.08095555289117619,-0.025299021614217147,-0.033056808727690554,0.10413861060724475,0.11989221236718518,-0.1089866204883706,0.011186627052484927,0.026519054675333466,-0.0925175994081224,0.11989221236718518,False
69,0.0536509082443858,-0.06888913713349179,-0.056988241982229196,-0.06362113948861459,0.049393419301141155,0.08329513993001436,0.09701221417691269,-0.08336197562973274,-0.10646723132381739,-0.03522646257330429,0.04673282837254184,0.10646723132381739,False
70,0.04081938727991211,-0.0958006728716488,-0.07971933903425203,0.005636418399028128,-0.08358191532050545,0.09290805129506594,-0.06174415191809746,-0.08417571387332896,0.07230738335794772,0.011508437315055992,0.05078537641836609,0.0958006728716488,False
71,-0.22920619934834854,-0.09159953603563042,0.1248217797266554,0.07472137425741704,0.13897216730282433,0.08452197721453057,-0.09957512241009545,0.07739028052608724,-0.08737769398988102,0.15920208405506278,0.17378685994333223,0.22920619934834854,True
72,0.05225367524845132,-0.07011240624589592,-0.08307029066214484,-0.014661379093743468,-0.1040729857934472,-0.05791760935255173,0.03979594085572466,0.06740990992750102,0.058760171531297006,0.036519687708063256,-0.0822396462060149,0.1040729857934472,False
73,-0.06834852388925365,0.0763474670872238,0.1094079956854949,0.08221923443527887,0.056718927277564675,-0.09974440802873896,-0.06281236726111172,-0.06369918695116335,-0.04285650101507008,0.052886024179103784,0.0431173849472409,0.1094079956854949,False
74,0.13529472163871695,-0.08917077650819405,-0.08986832798205556,-0.05926239880468755,-0.09579878135659065,0.06553643882094243,-0.07760786307223155,0.10370694361404569,0.13246085088045054,-0.13889178315825007,-0.04988074246388392,0.13889178315825007,False
75,-0.0673175026142611,0.07886357862640671,0.08324942589295758,0.07431760858135737,-0.08661877138160091,0.06688152896187692,-0.0746529030364303,0.07675000049441813,-0.025370753937639046,0.07424544853971547,0.04156511590521981,0.08661877138160091,False
76,-0.02258442106926604,-0.06742747451664122,-0.12706430889093343,0.03135540988934323,0.07912144786166185,-0.05352606463835532,-0.13527511514933385,-0.08945262143037891,0.05768454528231607,0.0873921204349498,-0.17244583190773577,0.17244583190773577,True
77,0.09395937051800397,0.07043009117103691,0.05030500814964981,-0.07469955868512422,-0.0011572027395365175,0.059364889925300715,-0.09014713778105163,0.1008955151418715,0.0415756880511169,-0.11657078019568057,-0.13384551313230586,0.13384551313230586,False
78,0.041410795735503554,-0.08778253019869128,-0.04533958614014793,-0.009218535893984308,-0.0953824807327443,-0.07654451905287982,0.10379271325628288,-0.07594705702945974,-0.04053199571620253,0.11293406819431093,0.04191682047064473,0.11293406819431093,False
79,-0.014973828169284949,-0.11532469761458154,0.0585630605664662,-0.16876858711704543,-0.09695726087848909,0.1295320213510371,0.07904898686982934,0.0894373930795018,0.10613692805732922,0.13893646337281365,-0.07943490146238127,0.16876858711704543,True
80,0.061369771263848,-0.03674787711393084,0.0383581898844994,0.04237599593223351,-0.053419493557584005,-0.03385119705934903,0.041733533182148716,-0.027271657902976698,-0.06044097383396394,-0.049340789221164964,-0.01109841129321762,0.061369771263848,False
81,-0.015925716141621672,0.08635389559307552,0.06924882644876111,0.09002929181427023,0.048660436438242576,0.07701010703996325,-0.08005278789861271,-0.07970352915821292,0.08433103665140682,-0.09857406111690176,-0.1005812859069971,0.1005812859069971,False
82,0.014514310780265775,-0.07146988575455107,0.08541354252648733,0.06939462201947286,0.04007754746851729,-0.09344431352132217,-0.06359074154524964,0.08855752767151143,-0.006632072992569717,-0.07248684733282224,-0.017780519782450262,0.09344431352132217,False
83,0.05331590611039746,-0.061871292569752136,-0.04546839659002029,-0.014424668967952518,0.028269148764697546,-0.06391674153298392,-0.05459155357254054,-0.04653293139139609,-0.03183181977045837,-0.01935669703425871,0.018266021663050667,0.06391674153298392,False
84,0.019988986896285456,-0.05787411819140348,-0.059040748252394505,0.06580772458489956,-0.05766143074075475,-0.05272794001630176,0.033000183024944674,0.04848639335132927,-0.027089814782627033,0.0510764529191408,-0.09356883251450532,0.09356883251450532,False
85,-0.05348864595456707,-0.056395038253696184,-0.07413960493491184,-0.040118889259814564,0.10157225161308052,-0.05117068927377057,0.03090406370681569,0.05305321326765891,-0.014824674863854225,0.051732075613049315,-0.007464122815582663,0.10157225161308052,False
86,-0.2472638196989201,0.13504583405549156,-0.15156451488147876,0.07421450262931227,0.1958465722831325,-0.06024571147295913,-0.17285848137233378,-0.1274945346972861,0.18590448815169414,0.19763864012982854,-0.083502875035348,0.2472638196989201,True
87,0.007624991790367733,0.08070891737749551,0.1081925720348077,-0.06422898318512417,0.03427476512492632,0.07180176315932492,-0.03443234167217993,-0.08163336444218104,-0.13081381670069323,-0.002888999621951649,0.13706220213469397,0.13706220213469397,False
88,-0.04116108279870695,-0.07532594153878948,0.0831070878795071,-0.01712323191587721,0.027860684092711047,0.07752767868656492,0.08195925124642275,0.06424923379457102,-0.029163152700023023,-0.040861420267853325,0.08326521340812809,0.08326521340812809,False
89,-0.03200405695747144,0.05863811456693745,0.07862897752852505,0.030901015568000473,-0.026505849670991434,-0.07495798017033431,-0.05276879339617821,0.07408514745218318,0.015592248189348245,-0.0372290742630817,0.1119456988429997,0.1119456988429997,False
90,0.06800935446092073,-0.09019893914641558,0.05810318692558969,-0.008281577651737952,-0.1148690810015363,-0.0920165618521043,-0.1025090582454673,0.09437170396204415,0.01637876457722435,0.05778507592231336,-0.09869709781902378,0.1148690810015363,False
91,-0.04924912651088115,-0.09393157439186854,-0.05269087379052321,0.08947107720317292,-0.015449814465750864,0.0849546692248724,-0.05295189738589071,-0.09970139903488137,-0.08847154314715787,0.13685910167916657,0.09027491399051742,0.13685910167916657,False
92,0.03208616353953717,-0.05420964649645592,-0.051457044938780394,0.03489977098335516,0.08231180236839993,0.06297181273813175,0.06643162480677765,-0.0687100695218259,-0.09339485921566905,-0.06771651286931893,-0.0417893562429786,0.09339485921566905,False
93,0.06308535917386984,0.04036588706008538,-0.036782469098699005,-0.043971567971918674,-0.04120961370672227,-0.032778585147148376,-0.02774393282319675,-0.036006386966746275,-0.05885250768222185,-0.02155279540678406,0.056317794510469005,0.06308535917386984,False
94,0.08342644733742294,-0.10566368596897756,0.10264831946556775,0.0889883059894774,-0.15921307235635412,0.04837824988925106,0.10717878816678789,0.09208606074031807,-0.033572798389382194,-0.034903825602323156,-0.07893956063089504,0.15921307235635412,True
95,0.013048748449512829,0.06427468357302038,0.05863442971457508,0.07057532466120554,-0.1216887608478688,0.06444225141422451,0.07640162407414783,0.06573491039253206,0.05928062825172573,-0.08422093384632978,-0.03003251785586516,0.1216887608478688,False
96,0.06629927417389765,0.04966925147570516,-0.032590006812013086,0.029567635981954207,-0.07007405314251884,0.04599873457032667,-0.013571390788966171,-0.04824814616732152,-0.06093202535525133,-0.06301464173727482,0.07078580424418719,0.07078580424418719,False
97,-0.1524479669303185,0.09530637104625331,0.1499465964217087,0.09807314962661771,-0.0194876502273281,0.07200611124933548,0.13895391867108664,0.10525837781334173,0.1239851179215689,-0.04787322038643649,0.164622415561687,0.164622415561687,True
98,-0.02044865028464496,-0.06379478528396908,0.052474099276897876,0.005158911097202184,0.0698842105849957,-0.06502852474299486,0.03225907609077819,0.07155831806275598,0.07200137812005744,-0.07824874750430541,-0.057425062928566306,0.07824874750430541,False
99,0.061607568972212326,0.02601408699084107,-0.03292327247270061,-0.0144071828702577,-0.03516992307550394,-0.030294393931109786,-0.03096863174597273,0.033175102087013186,-0.02682656077345055,-0.04466906732330408,-0.014796731068050874,0.061607568972212326,False
100,-0.09329091325387014,0.0761179399992574,-0.08432030057507517,0.1018603997948854,0.09236934758760984,0.07611295167112013,0.03626662857468142,0.034217689357926,0.012750830548295773,-0.024705648682310843,-0.0787825940795938,0.1018603997948854,False
101,-0.04082941855673674,0.07715715600685027,-0.05358981359357809,0.04299984958632126,0.07897214406173647,-0.06837359913074427,-0.06599097760774274,-0.05487930124853309,0.07079329528961902,-0.04895098602187881,0.045923293765590074,0.07897214406173647,False
102,0.09889986926067501,-0.09563002634658889,0.05186514124538614,-0.13255248450144938,-0.11412880466900735,0.0928771276739896,0.07791086881259077,0.07867036833981961,0.008253411708468243,-0.021214076737721195,-0.059122511912645045,0.13255248450144938,False
103,0.01079094971522856,0.057956251689799676,0.0495417003178586,0.0386872871794714,-0.029675977807328145,-0.05152931313216226,0.05655650731937753,-0.06721980261534898,-0.07096332548198397,0.03264377132890308,-0.05760634933708146,0.07096332548198397,False
104,-0.04959829019060141,-0.08199825944217826,-0.06467823669165383,0.06629516278341822,0.0647170828923791,-0.08685061771168916,-0.09190379089445375,-0.07473469020103955,0.018499118974938316,0.10370645117408511,-0.012047609597526588,0.10370645117408511,False
105,-0.020506392036139146,-0.060758357519454805,-0.06096232594513185,1.6609047654718176e-06,-0.02462513131597107,-0.05655989116104072,0.047397607768135536,0.06555791746384854,0.0727023153405006,0.00282229023657536,0.0337934895673588,0.0727023153405006,False
106,0.11134902900745652,-0.057812264101278724,-0.06608402761656056,-0.06698383877732214,-0.08058908813460391,0.06976884714352569,-0.03804179929183966,-0.061912485867582856,-0.06936663932900514,-0.0382154129428079,0.05056357602694309,0.11134902900745652,False
107,-0.09886823833316638,0.0720179042539368,0.12171176890944892,0.12611687532773203,0.04505442029051449,0.04806733904962064,0.10927405920151351,0.07757857894650175,0.0031426952855877857,-0.10932692068717684,0.1187970599030377,0.12611687532773203,False
108,-0.07936374143686495,0.09088955540791971,-0.08582998425104874,-0.04424011199546379,-0.03002919211304432,-0.062227987219486726,0.054402571571665954,0.06651276785645156,0.06145745939152175,0.12285410335877879,0.036732642145408244,0.12285410335877879,False
109,0.04160729029103667,0.06448082451058838,-0.05866824710731838,-0.060410774603831055,0.013813412891643338,0.05433893930452551,-0.05196020851424063,0.07030833408550875,-0.043110955936485874,-0.05191582056087979,0.04577158973511521,0.07030833408550875,False
110,-0.004856942764167982,0.08371423538643677,-0.10766463465905644,-0.08797590146117966,0.04554211808616415,0.08573414167393935,-0.0935430612728728,0.05854728093359221,0.02871345588456761,-0.0285493831776746,0.001043881488038883,0.10766463465905644,False
111,-0.0035749470274786337,-0.10786989237069207,0.08314786867769891,-0.05922379655532847,0.14805033912085153,-0.10882976165635032,-0.13020246531551735,-0.0887213848717221,-0.08801748066957661,0.16875468418389578,-0.16395515514564513,0.16875468418389578,True
112,0.017037794987743406,0.057585308192334685,0.04889131193492838,0.10393011845874196,-0.09539665071496602,0.049244258143455705,-0.06731521183236476,0.06593128335882954,-0.004980281565069911,-0.03031392333796946,-0.07963623114453121,0.10393011845874196,False
113,0.08080389755586125,-0.0679602022876703,-0.0735065942772732,0.044914273115556624,0.008220034131866054,0.06293919625869511,-0.05816883919271261,-0.06151007620856401,-0.0174222608430021,-0.07779899588645492,-0.08908982872556927,0.08908982872556927,False
114,0.014867930583607903,-0.07231082072111311,0.07112961263129626,0.09448140693067393,-0.04950797163700644,0.0632468793805838,-0.04629850985047632,-0.07227621761366074,-0.074850714675984,-0.015943785850534197,0.023691062522544184,0.09448140693067393,False
115,0.03767826887328101,-0.05538037205603056,-0.09209509553286178,0.02500478308972886,0.029434392318656473,0.06289538481631406,-0.08736784641789408,0.05245296974579314,0.027621320184651167,-0.07635081691854176,-0.11025405466044962,0.11025405466044962,False
116,-0.08904285957154201,0.08842029933847717,0.07294790068824389,0.1439148463206811,-0.08347718576487957,-0.07299233809866275,0.07345514529485937,-0.0929943357479052,0.10168612588153403,0.08217106604582018,-0.074038599556808,0.1439148463206811,True
117,0.048888032252084955,-0.06369669087320316,-0.04199074163742262,-0.039398709267838714,0.02054882917695008,-0.0654014015739086,0.05306226017488088,0.06491518855609098,-0.06129171291934295,0.001734827080557531,-0.020657888887814373,0.0654014015739086,False
118,-0.06976687358952667,-0.08021450743567418,-0.055280274494660865,-0.00395345770397548,0.09689048833878855,0.08207495946015454,0.09179782880066402,0.07266557687271623,-0.01029239906017258,-0.0014749601133167783,0.07333519402476345,0.09689048833878855,False
119,0.07111269909363065,0.07361203639416132,-0.06102033509812816,-0.03446951192251251,-0.1402872370106207,-0.06767256707589232,0.09862020691395912,-0.06084530573354671,0.10097653134430273,-0.021439279916088856,0.03444956569382385,0.1402872370106207,False
120,-0.013905041340630255,-0.048382197031252364,-0.041829327199274756,0.021287387600068347,0.006844847006692707,-0.047557620157579326,0.04037209383315006,0.047613701029612765,-0.016873136478044927,0.004894633275856702,0.024277462174085572,0.048382197031252364,False
121,-0.11747503907298139,0.09217429241812966,0.1578676461937843,0.16921065088015458,-0.14405926384465684,-0.13596420582632096,-0.06574062640837895,-0.07205822088171802,0.11109488920633728,0.16635814629079054,0.10377757195057652,0.16921065088015458,True
122,-0.1904027851502804,0.11344784307267908,-0.09589140221676445,0.061431305722579356,-0.04270757645272018,0.11815192517040236,0.0903767140361876,0.061314248576676715,0.13431357002717262,0.1123894109446848,0.10794301585449463,0.1904027851502804,True
123,0.003959906853868859,0.05294319583988193,-0.04108550860621747,0.06410849036666769,0.010460322082738012,-0.06996176219671682,-0.05950838005456865,0.07300355325363476,0.06982860752313344,-0.08290683617548372,-0.01213250690069603,0.08290683617548372,False
124,0.1582123601230134,-0.0759778821617264,-0.13871391992337737,-0.1519739673451454,-0.10725661183920507,0.11474871069124268,-0.08930159407385278,-0.07888308131729711,0.16057370760670386,-0.132494724435544,-0.02972002965277906,0.16057370760670386,True
125,-0.05881569412817478,0.09973971234405409,0.11203576625598902,-0.1291526576771036,0.1695945811629517,-0.0957675567000053,-0.0754266931370892,-0.06415782854637957,0.054541533282359465,-0.06379410616981546,0.1801203025121346,0.1801203025121346,True
126,0.08810418016808083,-0.06494382300041077,-0.04111543852240784,0.07729493043673512,-0.11097584686772552,-0.05999075625863888,0.07126196633607669,-0.03976292667737798,0.07576330149438737,-0.08825830824791359,-0.03995189119841987,0.11097584686772552,False
127,-0.002400005850874618,0.03315946179521156,-0.01906461014939023,0.03356133743578375,0.02081515846877898,-0.022013820193098603,0.034209695175373575,-0.03285629769964216,-0.04401429202006067,-0.03967238984841711,0.037836701551465686,0.04401429202006067,False
128,-0.04855767013635771,0.08790221060702608,0.0845158658497787,0.15033652539748538,-0.0026747097355735074,0.08820332939165264,0.10806136958633185,-0.09760402505224615,0.078074842651326,-0.06140783328951066,-0.11888496632384495,0.15033652539748538,True
129,-0.02370941852692481,0.0727827181209727,0.04367924621428675,-0.003716478863085741,0.06644209213513955,-0.04714282037722033,0.048492926922968506,-0.07068028942428761,0.015357554716910462,-0.04416242754493762,-0.03517430321265262,0.0727827181209727,False
130,0.056365735465671085,-0.08430391904565127,-0.05778270033001333,0.06679904768594618,-0.07134757195432845,-0.08377820764416583,-0.06914128592618778,-0.06186838427740393,-0.05947455915216234,0.1119674844582052,-0.07107273254516704,0.1119674844582052,False
131,0.02406250830572887,-0.028578912782693932,-0.020358101051530776,0.00567672330333457,0.012020582998900095,-0.024696027817471333,0.03968802758457482,-0.03522366795030035,-0.06155999047524827,-0.03709584006512702,0.049566848155263174,0.06155999047524827,False
132,0.1239682737849009,-0.07955581739249357,0.09767234272656533,-0.06325270855894853,-0.07521736498426862,-0.0858969459595722,-0.031877739999715146,-0.027864610550736656,0.012047294217964804,-0.11764353999252217,0.10795172768941533,0.1239682737849009,False
133,-0.1526173338819231,0.11688682156201813,0.08744447277115061,-0.010740297936514235,0.18792676320261162,0.10941526025163421,-0.11107530949753457,-0.12198729264297084,0.022570788162288417,0.11355427193052593,-0.04459359394820188,0.18792676320261162,True
134,-0.051878527722427265,-0.051349135838471914,0.07855749615558437,0.06351780043194866,0.04420969419940839,-0.06115516036616944,0.052459454151798084,0.057085122827682605,-0.012550512402345674,-0.05584505069852374,0.07919534826291648,0.07919534826291648,False
135,-0.03350695255168604,-0.11011284810977401,0.08202370210522233,-0.0033641327965009352,0.10583380997168287,0.10155827901992245,-0.11158217575785097,-0.10044766291705995,0.08608450040781696,0.013932201219141392,-0.10517951666924268,0.11158217575785097,False
136,0.010703096632622217,0.07802267763202711,0.08162852340685284,-0.010522503025594558,0.04172544072692881,0.08209694474331501,0.1089397689644099,-0.09262794504967663,-0.09168880946862432,-0.030012976307771503,-0.027847101469374323,0.1089397689644099,False
137,0.0342153229599566,0.048755402712687586,0.04387799294094784,0.06134349815913713,-0.049815945948016145,-0.057458717658933955,-0.054071081670501626,-0.05031920955634707,-0.06655067196920124,0.019528553387962323,-0.05959025420925943,0.06655067196920124,False
138,-0.09162744186853275,0.08295944731986835,-0.047336525109542345,0.10296897633062446,0.021058294618126864,0.059055977718211757,-0.06019256545355147,0.08565801821670245,0.07758925065616229,-0.0467851690257669,0.10581171093317082,0.10581171093317082,False
139,-0.020202116789997903,-0.09563858053592983,-0.09587342735877331,0.01729075599174378,-0.015056417697537187,0.11787902980170915,0.11115696722474233,-0.11581023526681924,0.05381244851615692,0.07064683412482159,-0.039111638283101303,0.11787902980170915,False
140,0.04077379384271137,0.025393456922227574,-0.010872084838212339,0.039018318454915886,-0.04123681869166427,-0.0405103707626689,0.04181219488200133,0.03818950919923108,-0.030909056343144864,-0.05452323105718401,0.011061731138077922,0.05452323105718401,False
141,-0.07774979110278155,-0.0908203784632264,0.11744702710680713,0.14126488606906365,0.08748502037737345,0.042623622446301496,-0.06816892722111895,0.09459081609542346,-0.02520451146604613,-0.05031862372790536,0.031005683500208134,0.14126488606906365,False
142,-0.03173358358366454,0.10740267773188987,0.07683527410931457,-0.14859064698052207,-0.04640646167909944,0.11960406932758526,-0.07426440533695161,-0.11471399318431336,-0.012215573501854052,0.08693657024024344,0.1562897207808521,0.1562897207808521,True
143,0.04244151087005107,-0.08759412170261334,-0.13599403163382884,-0.08646859897325727,-0.1293258352712705,0.1329669847616193,-0.09731448738848932,-0.10329783918619631,0.20130813298290223,-0.003771071053975986,0.05698662189166263,0.20130813298290223,True
144,0.018012343553553318,0.04623809725399342,-0.03752414717425146,0.01189580846193317,-0.011788022252557127,-0.0359388416436359,-0.035463147515575714,-0.04066338757930672,-0.03166962908942567,-0.021503545101651297,0.04949328741432796,0.04949328741432796,False
145,0.0220298231281026,-0.0672932849417612,-0.06293231919187806,0.09564653196054977,-0.1178472116397098,0.06500973692501374,0.06414332449567209,0.048858041106393454,-0.014042358932392777,0.010306547972794485,-0.044109188826764165,0.1178472116397098,False
146,-0.0623297989013875,0.0708360241634036,-0.025747104639448723,0.026412708365773988,0.03812214076446398,-0.07337455581136187,0.07395377251129978,0.07623670824001479,0.06740443322937806,-0.0574618030988405,0.11761449784712888,0.11761449784712888,False
147,0.061935291753681024,-0.05078533376283712,0.06914239137531714,0.0535074905144127,-0.0460713585103113,-0.06579655317670967,-0.019320451089588988,0.060269505766351594,-0.06357297259193687,-0.06744606853454464,0.030348463101811288,0.06914239137531714,False
148,-0.0017319234208214318,-0.07747311984991859,-0.02974384812319894,-0.07529161138568673,0.024345803276489907,-0.08214378674497959,0.08247593702956457,0.0796026084165642,-0.08323275317963241,0.07458355993002606,0.10540045221787321,0.10540045221787321,False
149,-0.005970103524953134,0.06911666591944018,-0.046594263976318724,0.013535070661448623,-0.009528373049669615,0.05289918046682981,-0.047365059732596776,0.07738762876540735,0.009346407044091306,-0.056503279208029084,0.0918836039525435,0.0918836039525435,False
150,0.04645656955234115,0.04171908532685654,-0.03944355512129802,-0.004308633276558717,-0.05189596864055034,-0.029483208988249424,0.047470984602368,-0.04568629079971359,-0.05733207138381988,-0.0033977208352201885,0.01145889164167283,0.05733207138381988,False
151,-0.1579641515067259,-0.0856395260384675,-0.1226253489074218,0.11408815339388163,0.025363269446180958,0.10750188703492321,-0.13958869307681804,0.07954852620809838,0.17485615268079527,0.09963492756170234,-0.03204965316776666,0.17485615268079527,True
152,-0.035786137637418516,0.046795006964629585,-0.02165039084712836,0.035932415381123954,0.04549259167512131,-0.02882887875133131,0.047274152459898786,-0.04948843292140483,-0.08014720239443629,-0.0009572910099456901,0.07683910099565168,0.08014720239443629,False
153,0.007290379539696572,-0.04950568798968816,-0.06073239637277113,-0.022871257443720264,0.045222266485551006,0.08316290589900158,0.06997083978817105,-0.08339497346173427,-0.09011951777105512,-0.02398372012401942,0.059348894714463085,0.09011951777105512,False
154,-0.0784513419129207,0.1008286698605149,-0.09762138105521057,-0.043032213523094956,0.09781608472139021,0.10822477287937138,-0.07645505105309722,-0.1048182746781573,-0.006586556492125229,0.013666913685437463,0.10997547851574181,0.10997547851574181,False
155,-0.18935460834996484,-0.0911248042448389,0.09936833427060722,-0.012445494670160828,0.09937167403654132,-0.09238427365217164,0.05286576165037381,0.09419203061147517,0.13131176220431087,0.13237816876579755,0.03518755495671281,0.18935460834996484,True
156,-0.005773551008641673,0.08142340475605464,-0.09673631886045868,-0.0458815519339864,0.06785558882853027,0.08400647424135205,0.06735056903103083,0.05861915526087599,-0.07110093444365269,0.04669344515927113,-0.11413861058402139,0.11413861058402139,False
157,0.0033958345802934105,0.07595403889686568,0.04619250919454345,-0.08225203722599522,0.01986553163289253,0.08163376749828632,0.06564251753600275,0.05606755022536607,-0.0412908638510165,-0.03634464090013314,-0.02080903315742856,0.08225203722599522,False
158,0.049042170709866495,-0.06453326167678529,0.0716273262108403,-0.01723904119063329,-0.047726625309809076,-0.06460506898154803,-0.05249424588789965,-0.042636299470682204,0.056300687448122756,-0.09445232630051427,0.09891854899244894,0.09891854899244894,False
159,-0.039182807593431096,-0.07547083995920868,0.07633120491872414,0.017293241857763146,0.032017143311624675,-0.07597778027934306,0.04979892992747575,0.061023932930862966,-0.12438305780026432,0.11409918503061317,-0.03916167917264654,0.12438305780026432,False
160,-0.02943083395191685,-0.09662076248291983,0.1054398097734071,-0.006122881234128265,0.12329133622830733,-0.10564808491623763,-0.09513556562854852,-0.0751301833317617,-0.08432767893664248,0.10709591584084381,-0.028568926887463625,0.12329133622830733,False
161,0.07457994662121677,-0.05006866229136964,-0.04199136630756879,-0.03214742073787764,0.02697752849288152,-0.044256690264406665,0.053875677437530925,-0.043406176944069785,-0.033332447536559985,-0.06938644064334855,-0.015107365198700344,0.07457994662121677,False
162,0.00866223170010306,-0.06897307745268573,0.04979644058702145,0.09384821718647175,0.002220683449851757,0.048371252168541365,-0.0743116921916155,0.06166237365101418,-0.0362414127178666,-0.049183372329975016,-0.07932846764081204,0.09384821718647175,False
163,-0.05198220047729783,0.06784107583470224,0.04900539712989196,0.07282495713056229,0.06834055114290852,-0.04767907823096935,0.046900260680818324,-0.0634520605571345,0.0365962094481071,-0.06938055263521235,-0.025918473294962427,0.07282495713056229,False
164,0.07222036292435316,-0.04310472429168038,0.0490830684822042,-0.04371755421003839,-0.040738758429889874,-0.04329634979065825,0.04643671226741202,0.04606753531125604,-0.060244282575321516,-0.06821118911647317,0.04881282081604372,0.07222036292435316,False
165,0.052925765320016,-0.05655092310669972,-0.09383420302609928,-0.061701462546524526,0.007859859206663286,-0.045315764932739144,0.02030891777183614,0.06380946001339088,0.10726022757762248,-0.07303927246295538,-0.09669466108459068,0.10726022757762248,False
166,-0.003280815215624992,-0.05678487753860834,-0.037856595276165333,0.07968960156589958,-0.06522531472466922,-0.06393076654240797,-0.05971152088416569,0.06175568147613678,-0.0019457714523848258,0.0301369485258541,0.03057360672259114,0.07968960156589958,False
167,-0.03980464581855711,0.060730306583910855,0.07823731313051188,-0.002404891394270314,-0.0014742274700648723,-0.06303972623718115,0.06434820486296558,0.061865387697223787,-0.00787252792691575,-0.036474935360597247,0.11081263672247359,0.11081263672247359,False
168,0.20460336851342156,-0.11732140449709094,0.06341694839000366,-0.16648052419847204,-0.093250169056917,0.08745413543012737,-0.0769601306286724,-0.08080259203065807,-0.07580629896371173,0.0055756536299245785,-0.12947070955225118,0.20460336851342156,True
169,-0.0517816128908305,-0.07620175378593484,0.07165022643084552,-0.020691493538600798,0.07230483028759688,-0.06181425167589138,0.06297295801773131,-0.09562936640550047,-0.044719562894446965,0.09042895748563809,-0.01899585924337419,0.09562936640550047,False
170,0.0276169401591191,0.03708757680959024,-0.025407749760734878,0.017103230511167227,-0.061686443909295945,-0.036107535518015564,0.0422210253018877,0.04125717852722172,0.023756074171874347,-0.06855949352438576,0.050621644695925345,0.06855949352438576,False
171,0.06820800047495765,0.060849008888425433,0.03157136526209308,-0.07498926374859965,0.006390837837861258,-0.05018048790677114,-0.06608323576392611,-0.04643098365815863,0.025852025701320367,-0.09189884946759924,-0.012957667951156056,0.09189884946759924,False
172,0.03464819909677113,0.06685875126987333,-0.06951791355559274,0.0821622148772304,-0.05517943658836844,-0.0731833150263739,-0.06984956464604712,-0.049602505044681694,0.1001161170311818,-0.03264049113925719,-0.07412459564345052,0.1001161170311818,False
173,0.009049992289743052,-0.0655949194589282,-0.054460727570982234,0.06640965652003213,0.03909686069685603,0.07633732293838742,0.08797237112740941,-0.07621908912536593,0.0013685659813415121,-0.08860541788022906,0.0027851586188510236,0.08860541788022906,False
174,0.0775395749054924,-0.11598993798699375,0.10989658872775405,0.09441471843915235,-0.1537950884735823,0.07690077555518832,0.13414819058433053,-0.09829660459478634,-0.1525151064076928,0.09937001031670943,-0.10418879318237811,0.1537950884735823,True
175,0.04729215484237661,0.04431840314278488,-0.04103277214430608,-0.0016880524058010137,-0.018256307743185242,-0.05755736231774093,0.04740600105168752,0.0527422712767476,-0.06535305726781351,0.004543091193086821,-0.05319021699280458,0.06535305726781351,False
176,-0.0481342025014348,0.06749218168364206,-0.027565100670311732,0.09123778351875968,0.015171567770660322,-0.07343665927934394,-0.04361171788911331,-0.05493158516535517,-0.01946174576830866,0.027706269599596062,0.08939847215060989,0.09123778351875968,False
177,-0.13038814595209053,-0.11053234443958462,-0.11487973485850897,-0.17501470570105943,0.09338342054623058,0.11811565737327484,-0.13457438687150583,0.1193660802661572,0.18503954858339314,0.1654250430371911,0.1168628544690259,0.18503954858339314,True
178,-0.06818632072433112,-0.10023040861479882,-0.08008520023272105,0.09147470996722781,0.0380965870774269,0.07196862903645633,-0.10247966060228361,0.08383458151456269,-0.06826513325491067,0.16603660361141823,-0.07621599484726267,0.16603660361141823,True
179,-0.25223997465609826,-0.07917590968106743,0.13151523645929944,0.17616273957677578,0.14628770625984866,0.1092082993188013,0.11908303078875883,-0.1366997503632717,-0.1070777990671752,0.11792010269570594,0.17645222532554278,0.25223997465609826,True
180,-0.046071225437147534,0.10123318526995706,0.14242236311426085,-0.10916125751967555,-0.10429047613885793,-0.10623549188752855,0.1440791599234608,-0.0898375781301101,0.08613705193623046,0.14010153211502896,0.14533869174553393,0.14533869174553393,True
181,0.0628483569720045,0.03027731815405943,0.043975277379265466,-0.0369911067543261,-0.05635354697920816,-0.040362646082606986,0.046640967081210224,0.04207567711603903,-0.05117550188043216,-0.06400706178244082,0.04901596244538883,0.06400706178244082,False
182,0.09833628212023175,0.08518603317908743,0.08285432800779373,-0.1926275329678922,-0.16022888274744077,0.09267417712065268,0.11848284995887431,0.11254274651421987,0.0704538816931428,0.014665878032934973,-0.07120149061634394,0.1926275329678922,True
183,0.0777770164289184,-0.054020625920200606,-0.022543052382612404,-0.031404059757296675,-0.02563417846936746,-0.06301292432234923,-0.03660169516051276,0.0652486698626402,-0.05430474678352746,-0.03992787612045014,0.04464955147109262,0.0777770164289184,False
184,-0.03718607037683712,0.07306363315612281,-0.06291301841456398,0.10623887210079014,-0.04915637730926969,0.05669059486704928,-0.06770861041551694,0.07787799845494124,-0.02345663669639754,0.06715295547642113,-0.02244936068647014,0.10623887210079014,False
185,0.03960124253697312,0.04385110111291438,-0.05752692345227353,0.0007655616535782264,-0.025248412501255927,-0.04541126688085668,-0.0609043445690082,0.045562436633757315,-0.02770997543632557,0.0027800857768384493,-0.05452736201347054,0.0609043445690082,False
186,0.09178934958333076,-0.043848169306458955,-0.04730188216514285,-0.04344904264747662,0.05572990682228901,-0.04276453395202889,-0.04717786625614912,-0.03304146378436384,-0.062495166327795074,-0.06741301444008307,-0.05062262022788451,0.09178934958333076,False
187,0.04827215508312607,-0.05063616190568386,-0.0770604051933338,-0.012484043508087045,-0.007029670687622419,-0.03401819217387921,0.03834151824204786,-0.0615671857094255,0.039890911078440464,-0.03855263826772983,-0.061277662619496576,0.0770604051933338,False
188,0.09056787455761328,-0.07534872544789992,-0.0511064169757917,0.07193170161993002,-0.1250308217447536,-0.06640073848173991,0.07514534789246201,-0.05343657511075165,0.019272923209960328,-0.0005683328967427137,-0.08214886480305082,0.1250308217447536,False
189,-0.007475119348939258,0.1049296976604614,-0.136860964234675,-0.16885501200413355,0.013734732772326416,-0.10542735398027492,-0.15602595628822388,0.12526302398745282,0.20466377593614737,0.12251359236467993,-0.11258014748805555,0.20466377593614737,True
190,0.1370442202862864,0.051922554677205794,-0.06876654631218689,-0.10718498073538316,-0.1129182568731027,-0.08112295073545883,-0.06786101831722813,0.08442559900281664,-0.06125408708962972,0.05300095404071876,-0.06467589970170204,0.1370442202862864,False
191,-0.01687788141110773,0.06393686148329408,0.07297348179792858,0.06880517692875002,-0.059183744705565075,-0.06838792977192545,-0.051714986979516715,-0.055089295967933855,0.0007168446347682584,0.004924301865412313,0.06076098381933627,0.07297348179792858,False
192,0.04641692857867246,0.07608652782466149,0.1144084528221198,-0.0529305255088839,-0.13735486155816842,-0.09922320996373908,0.12340254212866157,-0.08247378622536986,-0.08063748065617697,0.15160231464482699,-0.0009284812223581218,0.15160231464482699,True
193,-0.012741870515177594,0.06705231119400458,0.12976248731028972,0.01032202873326011,-0.05968476761935831,0.042291086120585075,-0.033621965899497036,0.09311302611484447,-0.14801844995410665,0.05357423863834028,0.13957182109794458,0.14801844995410665,True
194,-0.08464450159713066,0.11926414530844125,-0.12629424312611826,-0.17482289704189272,0.1129871561198226,0.12400310764805124,0.08517542686255389,0.08900980406555842,0.17644689084834117,-0.004573362732772186,0.013406313469146149,0.17644689084834117,True
195,-0.02454052354089935,0.0776724803207271,-0.053750722781166646,0.008498162329566903,-0.0418832902106481,-0.09784115904624605,-0.07947281875976171,0.10576870865620246,0.12803354957995158,0.0007576840237857094,0.0668671218903125,0.12803354957995158,False
196,0.09382446419139087,-0.07079019760401857,0.05189441816045487,-0.038979431298148355,-0.06704168200164592,0.047921403787283996,-0.053208638129050266,0.0645710129191173,-0.08569549421814776,-0.0489950841087322,-0.0034842994553835336,0.09382446419139087,False
197,-0.003837400922888637,0.05517972309624332,-0.05070089099180925,-0.04298168836496921,0.043148428472643365,-0.04694012625007407,-0.061310346906885686,0.047862104542788414,-0.04428910542205968,0.0031630337636765963,0.042355785875682984,0.061310346906885686,False
198,0.012375109388156773,0.05858744256277596,0.0382281075019727,-0.0551309431402115,0.06321739411788102,-0.06383159975219603,-0.0829705853029182,0.06133946039306342,-0.06200533376869725,-0.002624023315750649,-0.04342007491342039,0.0829705853029182,False
199,0.025226747188479327,-0.0353383332852996,-0.04323231996648226,0.00017469877731383392,0.04022288740186487,-0.032753171394184336,0.01935309632150073,0.030977297176662633,-0.06197118868177281,-0.016539237573100832,-0.05019144200936698,0.06197118868177281,False
